,Count,News Agency,Compound Score,Positive Score,Negative Score,Neutral Score,Status Tweet
0,0,@BBC,0.5743,0.179,0.0,0.821,"GET EXCITED!! üé§‚ù§Ô∏èÔ∏èüé∂
@Camila_Cabello has set the release date of her debut album Camila for 12 January.‚Ä¶ https://t.co/gRtJVD7FEh"
1,1,@BBC,-0.3595,0.0,0.135,0.865,"Have we got five eight-year-olds robbing houses? No! We've got two bams with triplets. üòÇ
#ScotSquad via‚Ä¶ https://t.co/HUsw0CjaoY"
2,2,@BBC,0.7783,0.244,0.0,0.756,"The history of condoms stretches back around 3,000 years ‚Äì but they still offer the best protection against STIs.‚Ä¶ https://t.co/shw3Jn5og1"
3,3,@BBC,0.0,0.0,0.0,1.0,"Sexually frivolous and morally ambiguous. 
Meet pro wrestling‚Äôs pansexual phenomenon...üè≥Ô∏è‚Äçüåàü§º‚Äç‚ôÄÔ∏è
Via @BBC5Live. https://t.co/2Asruxhnv8"
4,4,@BBC,0.8911,0.436,0.096,0.468,"RT @BBCWthrWatchers: Ok, so #snow can be a pain ...but wow üòç 
We're all feeling just a little more festive after your great efforts today!‚Ä¶"
5,5,@BBC,0.0,0.0,0.0,1.0,"RT @bbcthree: YOU'VE BEEN LIVING A LIE.
https://t.co/YUCx48Mv0o"
6,6,@BBC,0.3182,0.145,0.092,0.763,"RT @bbcstories: Do our young men lack positive role models? Davis thought so, so he founded The Manhood Academy. #EverydayHeroes https://t.‚Ä¶"
7,7,@BBC,0.4939,0.144,0.0,0.856,"RT @BBCEarth: In Cape Verde, @ProjetoBioSal is on a mission to save baby turtles from human impact. üê¢
#OurBluePlanet w/ @AluciaProd https:/‚Ä¶"
8,8,@BBC,0.8655,0.36,0.0,0.64,"RT @BBCSpringwatch: Brrr, a chilly one tonight!
Luckily we've some gorgeous grey seals in our advent calendar to warm to cockles of your he‚Ä¶"
9,9,@BBC,0.3818,0.115,0.0,0.885,"RT @bbcmusic: ‚ú®@RagNBoneManUK brought all the feels to #SLFN with his stunning performance of 'As You Are' 
Watch in full üëâhttps://t.co/JmZ‚Ä¶"
10,10,@BBC,0.4215,0.149,0.0,0.851,30 years of Fairytale of New York: 10 true tales behind the @PoguesOfficial's Christmas favourite. üéÅüéÑ‚Ä¶ https://t.co/LClO0krtv0
11,11,@BBC,0.3612,0.143,0.0,0.857,"Ever wondered what London looked like 2000 years ago? üá¨üáß
#DiggingForBritain, now on @BBCiPlayer üëâ‚Ä¶ https://t.co/fd74UnWzF4"
12,12,@BBC,0.0,0.0,0.0,1.0,"Tonight, @McInTweet is joined by @JasonManford and @TheVampsband. üåüüé∂üòÇ Michael McIntyre's Big Show. 8:20pm on‚Ä¶ https://t.co/NW4Y5gYger"
13,13,@BBC,0.0,0.0,0.0,1.0,"'I know it's not real because I'm surrounded by people eating crisps.' üòÇüé≠
#LiveAtTheApollo via @BBCTwo. https://t.co/1zwUd8oCvi"
14,14,@BBC,0.0,0.0,0.0,1.0,"Alice is a 26-year-old mum. She's married, she has schizophrenia &amp; she is fed up of being portrayed as 'dangerous'‚Ä¶ https://t.co/hy2APiuz5L"
15,15,@BBC,0.0,0.0,0.0,1.0,Astronomers have discovered the most distant 'supermassive' black hole known to science. ‚òÑüî≠ https://t.co/OYWmKfE4t4 https://t.co/10PPSeYkT2
16,16,@BBC,0.0,0.0,0.0,1.0,Claire Foy talks about what will be her last outing as Britain‚Äôs longest serving monarch - and hints at choppy wate‚Ä¶ https://t.co/z6WuYfwM3d
17,17,@BBC,0.9517,0.607,0.0,0.393,"I'm celebrating natural beauty - 'Instagram isn't real life.' @IAmSonnyTurner
These five body positive champions ar‚Ä¶ https://t.co/uUr8AHsfgq"
18,18,@BBC,-0.25,0.0,0.125,0.875,"Could you live with your partner alone in a remote lighthouse for 6 months?
Via @BBCWorldService. https://t.co/7gNRygiGKr"
19,19,@BBC,0.6369,0.296,0.0,0.704,"üéµ Jack Black‚Äôs Jumanji theme tune is the best. üòÇ
Via @BBCOne. https://t.co/bqpYxQ8cot"
20,20,@BBC,-0.4019,0.0,0.124,0.876,Dyslexie is a font that aims to overcome some of the problems that people with dyslexia can have when reading.‚Ä¶ https://t.co/d3GZEMdZgc
21,21,@BBC,0.7845,0.301,0.0,0.699,"üî¨üå° Heard of Terrific Scientific, the BBC‚Äôs science campaign for primary pupils? 

If you know a brilliant teacher,‚Ä¶ https://t.co/DtpAloo5Fe"
22,22,@BBC,-0.6369,0.0,0.215,0.785,Many coastal communities are already battling the effects of sea level rise - and it's made worse by the fact that‚Ä¶ https://t.co/WRpTIDB2e9
23,23,@BBC,0.0,0.0,0.0,1.0,"Danielle is breaking deaf world records left right &amp; centre. üèä‚ù§Ô∏èÔ∏è
Via @BBCTheSocial. https://t.co/XRlJU7UdU7"
24,24,@BBC,0.3818,0.218,0.1,0.682,Do you feel pressure when giving Christmas gifts? @DrRadhaModgil discusses the psychology of giving &amp; receiving gif‚Ä¶ https://t.co/DtkRGlOvdW
25,25,@BBC,-0.4404,0.0,0.195,0.805,RT @bbcthree: Lynsey is saving condemned dogs and finding them forever homes. https://t.co/aF7j3gaZil
26,26,@BBC,-0.6486,0.0,0.185,0.815,"RT @bbcmusic: Nearly seven months later, we look back on the #OneLoveManchester concert staged by @ArianaGrande after the devastating attac‚Ä¶"
27,27,@BBC,0.34,0.13,0.0,0.87,"RT @BBCr4today: If you do one thing today...

Listen to Gaelynn Lea play the violin #r4today https://t.co/nXixd8e8rO"
28,28,@BBC,0.0,0.0,0.0,1.0,"üëÇüèªüìñ @SJ_Watson was an audiology specialist before penning the international bestseller Before I Go To Sleep. 
5 peo‚Ä¶ https://t.co/RqDVSZ8Ntl"
29,29,@BBC,0.4588,0.12,0.0,0.88,"Mason has used his pocket money to fund random acts of kindness this year in memory of his brother, Ross. ‚ù§Ô∏èÔ∏è Via‚Ä¶ https://t.co/asKJ9me2MY"
30,30,@BBC,0.0,0.0,0.0,1.0,"Who even needs a calculator anyway? 
Via BBC Minute https://t.co/5LIDp3hZXh"
31,31,@BBC,0.0,0.0,0.0,1.0,"üìö From essays about Cuba‚Äôs transformation to a history of US nuclear policy, here are 10 books to read in December.‚Ä¶ https://t.co/XvF7FFPWF8"
32,32,@BBC,-0.2732,0.106,0.157,0.737,"There's around 500k pieces of space junk orbiting Earth, posing a huge threat to astronauts. The RemoveDebris space‚Ä¶ https://t.co/MLFaaVAxta"
33,33,@BBC,0.0,0.0,0.0,1.0,"As @Lord_Sugar's search for his next business partner continues, take an in-depth look at the remaining candidates.‚Ä¶ https://t.co/jkK7AHquzr"
34,34,@BBC,0.1027,0.126,0.104,0.769,"'For me, drag is a device to entertain people and make them laugh.' üíãüíÖ
Via @BBCTheSocial. https://t.co/urnzq6NJJA"
35,35,@BBC,0.5719,0.156,0.0,0.844,"You might think the hipster beard is a new trend, but the mid-19th century was a true golden age for massive facial‚Ä¶ https://t.co/dsJojiqMgH"
36,36,@BBC,0.0,0.0,0.0,1.0,"RT @bbcmusic: WHAT A LINE UP üòç
Tonight's #SLFN guest host: the incredible @DuaLipa üåπ
Performances from @KasabianHQ, @RagNBoneManUK, @RAYE a‚Ä¶"
37,37,@BBC,-0.3182,0.0,0.087,0.913,"RT @bbc5live: 10-year-old William thought he'd lost his camera when it was swept out to sea üì∑ üåä

But he's been reunited with it after it wa‚Ä¶"
38,38,@BBC,0.6124,0.167,0.0,0.833,"RT @BBCSpringwatch: We've some gorgeous gannets in today's advent calendar. üéÑüéÖüèΩ
They're busy building nests - I wonder if they can make wre‚Ä¶"
39,39,@BBC,0.0,0.0,0.0,1.0,RT @BBCOne: ‚ú® @Chris_Stark reveals the magic behind *that* BBC One Christmas tearjerker. https://t.co/FbLj5SrI6y
40,40,@BBC,0.6369,0.189,0.0,0.811,üóì üé∂ @ClaudiaWinkle and @Claraamfo look back at this year's best music. The Year in Music 2017. 9pm on @BBCTwo.‚Ä¶ https://t.co/fqm4A0Wv3C
41,41,@BBC,-0.8271,0.0,0.268,0.732,"üé¨ From the new Star Wars to the story of the worst movie ever made, here are 9 movies to watch in December. üëâ‚Ä¶ https://t.co/Zihk2ad0dz"
42,42,@BBC,0.0,0.0,0.0,1.0,"Sharks, bear markets, narwhals &amp; yak shaving - do you know the 
business beast ABC?
Full guide here üëâ‚Ä¶ https://t.co/kgxpnSZf4A"
43,43,@BBC,0.4767,0.186,0.0,0.814,"Remember how we actually did alright at Eurovision this year? üé§üé∂

10 surprising music moments from 2017 you've alre‚Ä¶ https://t.co/hS72dmiWNE"
44,44,@BBC,0.4588,0.176,0.0,0.824,üë¶ü§îüëß Are you smarter than an 11-year-old? Take this quiz &amp; find out... https://t.co/JNbY5UN9QB https://t.co/nZWffIrmGv
45,45,@BBC,0.5106,0.147,0.06,0.792,"RT @bbcmusic: üíñ@Harry_Styles is nominated for BBC Music Artist Of The Year, and we STILL have goosebumps from his beautiful 'Girl Crush' pe‚Ä¶"
46,46,@BBC,0.0,0.0,0.0,1.0,"'If you don't get the angle right, it's not going to work.'
Can you #DoTheHuw? üòÇ https://t.co/hYxrN6C790"
47,47,@BBC,0.0,0.0,0.0,1.0,Stewards working at Prince Harry &amp; Meghan Markle's Royal Wedding have been told to watch Suits before the big day.‚Ä¶ https://t.co/ErN62dBvF6
48,48,@BBC,0.6808,0.359,0.0,0.641,"The perfect warm drink for cold December evenings. ‚òïÔ∏èüòã 
Via @BBCFood. https://t.co/clDVQqgSOj"
49,49,@BBC,0.4939,0.132,0.0,0.868,"RT @bbcworldservice: ""Falls reduced by 60%."" Why some care home residents are 'pimping' their walking frames. Follow the link for more from‚Ä¶"
50,50,@BBC,0.0,0.0,0.0,1.0,Professional clowns must choose a unique facial makeup design ‚Äì and they have an unusual way of ‚Äòprotecting‚Äô it fro‚Ä¶ https://t.co/zmkytd7z8v
51,51,@BBC,0.0,0.0,0.0,1.0,"RT @CBeebiesHQ: STICK! 
STICK! 
STICK! 
STICK! 
STICKY!
STICKY!
STICK! 
STICK! 
STICK!
STICK! 
STICKY! 
STICKY!
STICK! 
STICK! 
STICK! 
STI‚Ä¶"
52,52,@BBC,0.34,0.118,0.0,0.882,"'A 40,000-year-old carving is the first evidence we have of shared beliefs.' ü¶Å

9 things you didn‚Äôt know about huma‚Ä¶ https://t.co/yPqgdMQWGL"
53,53,@BBC,0.0,0.0,0.0,1.0,"In Pakistan, one woman dies from complications in childbirth or pregnancy every 20 minutes.
Via @BBCWorldService. https://t.co/UV8NsDX3h9"
54,54,@BBC,-0.2732,0.108,0.156,0.736,"Natural disasters, fires, plagues &amp; war... Hammerfest is the Norwegian town that the world tried to erase. Via‚Ä¶ https://t.co/Lvd1b7qcGd"
55,55,@BBC,-0.886,0.0,0.487,0.513,"'If you complain, you lose your work.'
Classical music has a sexual harassment problem too. https://t.co/9RWhnxJaFi‚Ä¶ https://t.co/jsKgn7n6ng"
56,56,@BBC,0.5423,0.163,0.0,0.837,"The 'Merry Monarch' presided over a hedonistic court &amp; fathered 12 illegitimate children. But, after the years of C‚Ä¶ https://t.co/pFOt08WSNT"
57,57,@BBC,-0.4939,0.0,0.174,0.826,"Step away from the cookie dough...  üç™üôÖ
The @US_FDA has warned against eating raw dough, due to risk of E. coli.‚Ä¶ https://t.co/5P2vMV7LNL"
58,58,@BBC,0.0,0.0,0.0,1.0,üòã Christmas canap√©s that your vegetarian guests will eat right up. üëâ https://t.co/zLYuvv4LGD https://t.co/hp1wOIOKaP
59,59,@BBC,0.2732,0.231,0.0,0.769,"Well, the intention was there. üòÇ
Via @BBCTheSocial. https://t.co/wn5GDMKRLr"
60,60,@BBC,-0.4215,0.0,0.177,0.823,The first Scrooge: How the world‚Äôs best-known miser was brought to life. üò† https://t.co/sm04aNKxmz https://t.co/cmf553OWUA
61,61,@BBC,0.0,0.0,0.0,1.0,üèÇ These prosthetic feet are designed specifically for snowboarding. Via @BBCClick. https://t.co/6Lwjtc6vZM
62,62,@BBC,0.0,0.0,0.0,1.0,"üé§üòç Still can't get over @RitaOra's #SLFN performance last week...
Catch up here. üëâ https://t.co/7RsS8rIkbR
Via‚Ä¶ https://t.co/WWTXwbyCOP"
63,63,@BBC,0.6369,0.219,0.0,0.781,"Embracing me-time, onesie-wearing and cheeky snogs... being single at Christmas time is the best. üéÅ‚Ä¶ https://t.co/Nzr1my5gmT"
64,64,@BBC,-0.3612,0.0,0.143,0.857,RT @BBCTwo: This is why you should NEVER mess with other people's things... üò±üòÇ #Motherland https://t.co/59wJYnkHLz
65,65,@BBC,-0.2168,0.0,0.089,0.911,"Can an employer demand that you go to work naked? What makes a dress code reasonable or unreasonable? üëîüë†
Via‚Ä¶ https://t.co/RXFvbZ89rY"
66,66,@BBC,0.0,0.0,0.0,1.0,"Passers-by in this Belgian town have been asking, 'is this modern art?' after seeing a building slowly envelop a st‚Ä¶ https://t.co/5UsApOKurQ"
67,67,@BBC,0.5434,0.212,0.0,0.788,"üéÑüçø A snack to bring a little joy to your world this Christmas. 
Via @BBCFood. https://t.co/YM6ALRCeYQ"
68,68,@BBC,0.4019,0.184,0.0,0.816,Why I‚Äôm not going to any Christmas parties this year. üéÅüôÖ https://t.co/S8gxk2r8cV https://t.co/gCImpSVyko
69,69,@BBC,0.128,0.077,0.0,0.923,üè≥Ô∏è‚Äçüåà Same-sex marriage will become legal in Australia after a historic bill was passed in the House of Representati‚Ä¶ https://t.co/pTJ33ogFN6
70,70,@BBC,0.34,0.13,0.0,0.87,"This 98-year-old lady is about to star in her first ever nativity play. ‚ù§Ô∏è
Via @BBCLookNorth. https://t.co/64le1kLdvz"
71,71,@BBC,0.8957,0.396,0.0,0.604,"RT @BBC_Teach: Are you ready to join the Super Movement?

Coming soon - a new exciting partnership between the BBC and @premierleague to in‚Ä¶"
72,72,@BBC,0.4588,0.158,0.0,0.842,"Quiz: Operation Ouch's Sleigh &amp; E.
Do you know the right remedies for these festive injuries?‚Ä¶ https://t.co/KeAzSsoEYz"
73,73,@BBC,0.0,0.0,0.0,1.0,"Meet the women who have secret protection against HIV, for when men won't wear condoms.
Via BBC World Hacks. https://t.co/SIKhIiItkd"
74,74,@BBC,-0.8934,0.0,0.394,0.606,"RT @BBC100women: ""The violence, in a split second, destroyed my life.""
Resham Khan was left seriously injured after acid was thrown in her‚Ä¶"
75,75,@BBC,0.7184,0.292,0.0,0.708,"RT @BBCBreaking: Australians voted yes, now so do their MPs: Same-sex marriage will be legal after historic bill approved https://t.co/yNmp‚Ä¶"
76,76,@BBC,0.4939,0.186,0.0,0.814,RT @BBCFood: Cinnamon adds a touch of festivity to porridge. What do you use? ü§î https://t.co/EUtdO3rRF4 https://t.co/XWAgqH9nK4
77,77,@BBC,0.0,0.0,0.0,1.0,"RT @BBCBreakfast: The new City of Culture will be revealed later. 
Coventry, Paisley, Stoke-on-Trent, Sunderland and Swansea are in the run‚Ä¶"
78,78,@BBC,0.8488,0.366,0.0,0.634,"RT @CBeebiesHQ: üê® #NOSTALGIA ALERT! üê®

üéµHave you ever, ever felt like this‚Ä¶? üéµ 

Enjoy this #Earworm from down under! üá¶üá∫

 #ThrowbackThursd‚Ä¶"
79,79,@BBC,0.7579,0.306,0.0,0.694,Powerful storms can produce tremors that are helping geologists to see what the Earth‚Äôs interior might be like. üëÄüåç‚Ä¶ https://t.co/OKOZVN1xIu
80,80,@BBC,0.0,0.0,0.0,1.0,The story of a body of water's extraordinary journey in the largest silver objects ever produced. üí¶‚ö±‚Ä¶ https://t.co/imsRUNBqBb
81,81,@BBC,0.0258,0.127,0.169,0.704,üêÜ‚ùÑÔ∏è The Frozen Ark at @UniofNottingham is freezing cells from endangered animals to help stop extinction. üìª‚Ä¶ https://t.co/TWfVmzDj8Y
82,82,@BBC,0.0,0.0,0.0,1.0,RT @BBCTheOneShow: Tomorrow The Queen will commission @HMSQnlz into service in #portsmouth -It's The @RoyalNavy‚Äôs biggest and most advanced‚Ä¶
83,83,@BBC,-0.4767,0.0,0.204,0.796,RT @BBCNewsbeat: Anybody else still get tears watching the kids interrupting the BBC interview about North Korea? üòÇ https://t.co/9kt5GL1nuP
84,84,@BBC,0.0,0.0,0.0,1.0,"RT @bbcmusic: She's the most-streamed female artist of 2017, and she's guest hosting #SLFN this week üòç
@DUALIPA we cannot WAIT üíï
Watch: Fri‚Ä¶"
85,85,@BBC,0.6696,0.244,0.0,0.756,"RT @bbcstories: Age is just a number - Charles took up sprinting at 95 and became a world champion! üèÉüèºü•á 
#EverydayHeroes https://t.co/OgnOI‚Ä¶"
86,86,@BBC,0.0,0.0,0.0,1.0,"RT @TWBBC: One week til Tomorrow's World Live from Glasgow @gsc1 

‚åöüë©+ü§ñ Our last episode 'Me and My Robot' is on @BBCiPlayer until 6pm toda‚Ä¶"
87,87,@BBC,-0.1779,0.0,0.072,0.928,"RT @bbcmusic: üí´@Harry_Styles is nominated for BBC Music Artist Of The Year, and we're STILL obsessed with this performance of 'Sign Of The‚Ä¶"
88,88,@BBC,0.0,0.0,0.0,1.0,"RT @BBCEarth: The water in our oceans fell in frozen lumps from space 
#BluePlanet2 #OurBluePlanet https://t.co/cT0GSthTLD"
89,89,@BBC,0.891,0.431,0.0,0.569,"RT @BBCSpringwatch: A gorgeous long-eared owl in today's advent calendar üéÑüóìÔ∏è
Tag a friend who's this fabulous üíÖüèΩ https://t.co/tyhSndmzyh"
90,90,@BBC,-0.4767,0.0,0.103,0.897,RT @BBCNewsPR: Our very own @HuwBBC went back to school to show young people how to spot fake or false info. AND he also showed them how to‚Ä¶
91,91,@BBC,0.0,0.0,0.0,1.0,RT @bbcintroducing: Take a look at @DeclanMcKenna's journey to become the @BBCMusic Introducing Artist of the Year: https://t.co/ThyRiBl1EN‚Ä¶
92,92,@BBC,0.5859,0.153,0.0,0.847,"Lubaina Himid has become the oldest winner of the #TurnerPrize, and the first black woman to pick up the art award.‚Ä¶ https://t.co/Bljbhmgy8U"
93,93,@BBC,0.4927,0.171,0.079,0.75,üìª Canadian @RupiKaur_ is one of the most successful poets in recent history. She gets stopped on the streets these‚Ä¶ https://t.co/bVOMof6EpC
94,94,@BBC,0.0,0.0,0.0,1.0,"üòãüç≤ @Rick_Stein's ‚Äòcarne con chilli‚Äô is simple but amazing.üëå
Full recipe here üëâ https://t.co/aG8c8Kinf3‚Ä¶ https://t.co/hvxt61SPAc"
95,95,@BBC,0.2263,0.087,0.0,0.913,"'We could sing before we could speak.' üéµ
Six things we learned from Beyond Belief‚Äôs exploration of the power of cha‚Ä¶ https://t.co/jvaz92ssm3"
96,96,@BBC,0.2023,0.164,0.133,0.703,"üëÅ More than 200 years after the Illuminati was founded, it has become one of the world‚Äôs greatest conspiracy theori‚Ä¶ https://t.co/I3zrWKYYiF"
97,97,@BBC,0.6571,0.215,0.0,0.785,"RT @CBeebiesHQ: #BedtimeStory Assemble! üòâ

@ChrisEvans's 'Goodnight World' story is being repeated tonight at 6:50pm!

Merry Chris-mas! üéÖ h‚Ä¶"
98,98,@BBC,-0.5859,0.0,0.242,0.758,"Star Wars' @HamillHimself uses 'the old wheelchair trick' while Jennifer Lawrence is 'incredibly rude.'

üì∏ Here's h‚Ä¶ https://t.co/kAqT0O2dqv"
99,99,@BBC,0.0,0.0,0.0,1.0,Why some people can hear this silent gif... https://t.co/NRZJbZEV4F https://t.co/NYM6qIWdLB
100,0,@CBS,0.5754,0.189,0.07,0.742,Don‚Äôt miss America‚Äôs Game! Stream the Army-Navy game LIVE today at 3PM ET with a FREE trial of #CBSAllAccess:‚Ä¶ https://t.co/38udnQj2vs
101,1,@CBS,0.6476,0.209,0.0,0.791,"There's still time before we have to say so long! Catch up with Carol Burnett, her original castmates and special g‚Ä¶ https://t.co/WTiK8dzaXO"
102,2,@CBS,0.8126,0.303,0.0,0.697,RT @bigbangtheory: It's the biggest best friend breakup of the year... üò± Stream the latest full episode of #BigBangTheory: https://t.co/iIw‚Ä¶
103,3,@CBS,0.7777,0.254,0.0,0.746,"RT @AmazingRaceCBS: Presenting... the 30th cast of the #AmazingRace! Made up of champions and winners, this is quite literally the most com‚Ä¶"
104,4,@CBS,0.5423,0.137,0.0,0.863,Do you know all the nominees for Song Of The Year? Get familiar with this year's GRAMMY¬Æ Award nominees ahead of Mu‚Ä¶ https://t.co/I6hhOtfQjb
105,5,@CBS,0.3182,0.126,0.0,0.874,"A new Twilight Zone original series is coming exclusively to CBS All Access in association with @JordanPeele,‚Ä¶ https://t.co/fVYnhUASee"
106,6,@CBS,0.1511,0.09,0.0,0.91,RT @SuperiorDonuts: You'll want to check this box! ‚òëÔ∏é Stream the latest episode of #SuperiorDonuts: https://t.co/h1xhKLCAPl https://t.co/d8‚Ä¶
107,7,@CBS,0.4199,0.117,0.0,0.883,RT @YoungSheldon: Wondering what it's like behind the scenes of #YoungSheldon? Let star @OfficialRaeganR take you on a tour of the set! htt‚Ä¶
108,8,@CBS,0.5106,0.163,0.0,0.837,The Kennedy Center Honors recognizes the lifetime contributions of all types of performance artists. Watch the 40th‚Ä¶ https://t.co/azF3rW2ptw
109,9,@CBS,0.0,0.0,0.0,1.0,RT @YoungSheldon: There's something @elonmusk never told you about @spacex's Falcon 9. üìì  #YoungSheldon https://t.co/bu3W0IC8zN
110,10,@CBS,0.3612,0.106,0.0,0.894,"Just like old times, Carol Burnett bumps up the lights and answers questions from the audience. Catch up on The Car‚Ä¶ https://t.co/9r7WI8d1tZ"
111,11,@CBS,0.9217,0.504,0.0,0.496,Star comedian @JimCarrey gets emotional when he expresses his heartfelt thanks to Carol Burnett for her positive in‚Ä¶ https://t.co/5QCejBcg5T
112,12,@CBS,0.5213,0.187,0.0,0.813,Take a trip down memory lane with Carol Burnett for a special tribute you'll never forget. Catch up on The Carol Bu‚Ä¶ https://t.co/XBINDav614
113,13,@CBS,-0.5655,0.0,0.177,0.823,"RT @JLawlorNY: So, ok...maybe I'm crying at at the #CarolBurnett50 finale with everyone singing her theme song! #ImSoGladWeHadThisTimeToget‚Ä¶"
114,14,@CBS,0.9466,0.672,0.0,0.328,RT @junerenee: A true classic and favorite!! Love #CarolBurnett50 laughed and cried...just like before!
115,15,@CBS,0.5994,0.281,0.0,0.719,RT if you‚Äôve loved reliving these classic moments during #CarolBurnett50 https://t.co/I1tIWeSlsQ
116,16,@CBS,0.7906,0.269,0.0,0.731,RT @Mom101: I can't tell you the joy of seeing my 10yo laughing at this. Especially the Tim Conway dentist sketch.  #CarolBurnett50
117,17,@CBS,0.8689,0.329,0.0,0.671,"RT @AdeleAndMike: Thank You for bringing back such wonderful memories, the entire family would gather to watch, and we would then laugh abo‚Ä¶"
118,18,@CBS,0.8016,0.264,0.0,0.736,RT @tessab13: The Siamese Elephants skit on the Carol Burnett show is such a classic and possibly my favorite. Loved Tim Conway! #CarolBurn‚Ä¶
119,19,@CBS,0.5719,0.156,0.0,0.844,RT @inezpanebianco: @OfficialBPeters and Carol Burnett reminiscing back on the carol burnett show is my idea of a perfect night ‚ù§Ô∏è #CarolBu‚Ä¶
120,20,@CBS,0.0,0.0,0.0,1.0,"What a performance by @OfficialBPeters, @KChenoweth, Carol Burnett, Steve Lawrence, and @StephenAtHome!‚Ä¶ https://t.co/DqewQ6ASQp"
121,21,@CBS,0.25,0.133,0.0,0.867,RT @jonjeffryes: Bob Mackie created 65 costumes a week for The Carol Burnett Show #CarolBurnett50
122,22,@CBS,0.0,0.0,0.0,1.0,RT @bmayberry92: Steve Carell with that video submission though! üòÇ #carolburnett50
123,23,@CBS,0.0,0.0,0.0,1.0,She‚Äôs still got it! #CarolBurnett50 https://t.co/zTxZc5zrqP
124,24,@CBS,0.8591,0.487,0.0,0.513,RT @BobMackie: Our friend Tim Conway never failed to make us laugh #CarolBurnett50
125,25,@CBS,-0.2263,0.0,0.076,0.924,RT @bpeters99: #CarolBurnett50  Am I the Only one with tears in my eyes while I give a standing ovation from my couch? One of the most bril‚Ä¶
126,26,@CBS,0.5574,0.194,0.0,0.806,RT @SuperJen1117: This show is awesome...Some of the funniest women together on one stage üôåüèº‚ù§Ô∏è #CarolBurnett50
127,27,@CBS,0.3612,0.238,0.0,0.762,These two are just like sisters ‚ù§Ô∏è #CarolBurnett50 https://t.co/EPpyf2kOuV
128,28,@CBS,0.4588,0.136,0.0,0.864,RT @chattie: Watching #carolburnett50  can‚Äôt quit smiling. Brings me memories of watching on Saturday nights with my mom and grandma.
129,29,@CBS,0.807,0.356,0.0,0.644,RT @DanRocks98: Settling in for the #CarolBurnett50 special. This lady is comedy gold! A true staple of my childhood.
130,30,@CBS,0.4574,0.13,0.0,0.87,She‚Äôs back! Tune in now to see The Carol Burnett 50th Anniversary Special on CBS and CBS All Access. #CarolBurnett50 https://t.co/HhvRmT5AR0
131,31,@CBS,-0.2263,0.0,0.095,0.905,"Due to #NFL football overrun #CBS is delayed 11 min in: 
Atlanta 
Baltimore 
Columbus
Cleveland 
Toledo
Detroit
Fli‚Ä¶ https://t.co/oCkn11yJOR"
132,32,@CBS,0.8271,0.352,0.0,0.648,Relive the laughter and the magic in this star-studded tribute to everyone's favorite classic comedy show. Don't mi‚Ä¶ https://t.co/WV6jxBnRAt
133,33,@CBS,0.7783,0.286,0.0,0.714,"Tonight, spend an evening together with Carol Burnett and celebrity friends as they celebrate The Carol Burnett 50t‚Ä¶ https://t.co/uH2uM9cJFS"
134,34,@CBS,0.8658,0.386,0.0,0.614,Carol Burnett credits the close-knit cast for the success of her show. Join her and original cast members Vicki Law‚Ä¶ https://t.co/1rlNPUS5EJ
135,35,@CBS,0.8516,0.353,0.0,0.647,Carol Burnett and friends reflect on how the show became an instant classic that's still celebrated today! Join the‚Ä¶ https://t.co/lZgVz9XSyM
136,36,@CBS,0.7897,0.28,0.0,0.72,"Tonight, celebrate with Carol Burnett, Vicki Lawrence, Lyle Waggoner &amp; more special guests! Find out how to watch T‚Ä¶ https://t.co/Rhm6RJ34u2"
137,37,@CBS,0.6166,0.175,0.0,0.825,Stream Indiana at Michigan LIVE today at 12:30PM ET with a 1-month FREE trial of #CBSAllAccess. Just use promo code‚Ä¶ https://t.co/xRem3zSyEQ
138,38,@CBS,0.1867,0.098,0.0,0.902,Kristin Chenoweth (@KChenoweth) explains why audiences still crave Carol Burnett! Don't miss The Carol Burnett 50th‚Ä¶ https://t.co/kM92NTtTfs
139,39,@CBS,0.6996,0.179,0.0,0.821,"Catch up on this amazing lineup of music specials! Here's how to watch Bruno Mars: 24K Magic Live at the Apollo, Th‚Ä¶ https://t.co/Jit2CzZJCY"
140,40,@CBS,-0.3595,0.0,0.128,0.872,Missed Bruno Mars: 24K Magic Live at the Apollo? Keep up! Watch the full show: https://t.co/itXpGB5gRm #BrunoMars https://t.co/8yyQlC1LML
141,41,@CBS,0.3612,0.116,0.0,0.884,Reminisce with these classic photos and get ready to relive the magic when The Carol Burnett 50th Anniversary Speci‚Ä¶ https://t.co/yJQEzCjoSA
142,42,@CBS,0.4199,0.134,0.0,0.866,"RT @LivinBiblically: In the beginning, there was Chip. And lo! Chip had a revelation. #LivingBiblically is a new comedy premiering Monday,‚Ä¶"
143,43,@CBS,0.7707,0.282,0.0,0.718,"Discover these pro football stars' off-the-field talents in MVP: Most Valuable Performer, airing Jan 25 on CBS! Fin‚Ä¶ https://t.co/g8jSRW8mQf"
144,44,@CBS,0.0,0.0,0.0,1.0,"Find out when #BigBrother celebrity edition, #AmazingRace, #Survivor, new drama @instinctcbs and new comedy‚Ä¶ https://t.co/4Psl74zcCB"
145,45,@CBS,0.8221,0.309,0.0,0.691,Actress @BethBehrs explains why Carol Burnett is her hero! Celebrate her lasting influence with The Carol Burnett 5‚Ä¶ https://t.co/Lnt5P9jEu0
146,46,@CBS,0.0,0.0,0.0,1.0,"RT @instinctcbs: New drama #Instinct, starring @Alancumming, premieres Sunday, March 11 on @CBS! https://t.co/aaL0JXpqav"
147,47,@CBS,0.0,0.0,0.0,1.0,"RT @AmazingRaceCBS: On your marks... #AmazingRace returns Wednesday, January 3! https://t.co/XMSJSUymUZ"
148,48,@CBS,0.0,0.0,0.0,1.0,RT @CBSBigBrother: Mark. Your. Calendars. The celebrity edition of #BigBrother premieres February 7! https://t.co/nP3Do6jTwM
149,49,@CBS,0.6893,0.251,0.0,0.749,The Angels await you... catch up on the world's most celebrated fashion show now! Watch the full 2017‚Ä¶ https://t.co/xfYDbEzpfX
150,50,@CBS,0.1901,0.093,0.0,0.907,"Comedy stars Amy Poehler, Bill Hader, @MayaRudolph &amp; @TraceeEllisRoss give the legendary Tarzan yell a try- but no‚Ä¶ https://t.co/lrrHE2f9Nv"
151,51,@CBS,0.296,0.128,0.0,0.872,Action-adventure series 'Blood &amp; Treasure' has been picked up for broadcast in Summer 2019: https://t.co/gAjqbF5bYh https://t.co/3cTBH9AKFI
152,52,@CBS,0.0,0.0,0.0,1.0,Carol Burnett visited @TheTalkCBS to discuss how she got her start in show business! Watch The Carol Burnett 50th A‚Ä¶ https://t.co/EyqmFWZHEC
153,53,@CBS,0.6115,0.227,0.0,0.773,"The world's most beloved fairy tales are reimagined as a dark &amp; twisted psychological thriller in ""Tell Me A Story,‚Ä¶ https://t.co/CytIswrRj1"
154,54,@CBS,0.0,0.0,0.0,1.0,RT @RansomCBS: #Ransom star @luke_j_roberts on set in Budapest for Season 2! https://t.co/rgC5ylqSMp
155,55,@CBS,0.6808,0.248,0.0,0.752,Comic @JayLeno reflects on the major impression Carol Burnett left on him. Celebrate The Carol Burnett 50th Anniver‚Ä¶ https://t.co/PIakndHJt1
156,56,@CBS,0.3612,0.135,0.0,0.865,"Watch #BrunoMars perform ""That's What I Like"" in Bruno Mars: 24K Magic Live at the Apollo: https://t.co/hAFcB9HpE3 https://t.co/I7ZWHdDYCP"
157,57,@CBS,0.0,0.0,0.0,1.0,"Watch #BrunoMars perform ""24K Magic"" in Bruno Mars: 24K Magic Live at the Apollo: https://t.co/UgD4fC5cS6 https://t.co/iTGKJSbjwY"
158,58,@CBS,-0.3595,0.0,0.128,0.872,Missed Bruno Mars: 24K Magic Live at the Apollo Theater? Keep up! Watch the full show: https://t.co/itXpGB5gRm‚Ä¶ https://t.co/nkRMIUd2Df
159,59,@CBS,0.6239,0.45,0.0,0.55,RT @CWatkinsTV: That. Was. Amazing! #BrunoMars
160,60,@CBS,0.0,0.0,0.0,1.0,The stage is üî•üî• #BrunoMars https://t.co/nykrDH46Bs
161,61,@CBS,0.5542,0.204,0.0,0.796,RT @anitakearney65: I could watch this all night #Brunomars #BrunosTvSpecial so much fun to watch OMG
162,62,@CBS,0.0,0.0,0.0,1.0,Everybody put your hands up! #BrunoMars https://t.co/jU7NyttAqv
163,63,@CBS,0.0,0.0,0.0,1.0,RT @Sara_nurse: My 2yr old niece heard @BrunoMars and is now up singing and dancing #BrunosTVSpecial #BrunoMars
164,64,@CBS,0.0,0.0,0.0,1.0,"RT @AllieNY86: His voice is mesmerizing 
#BrunoMars"
165,65,@CBS,0.7482,0.434,0.0,0.566,RT @BrunoMars: We love you MARY!!!! ‚ù§Ô∏è #BrunosTvSpecial
166,66,@CBS,0.8513,0.542,0.0,0.458,RT @RDMichelleLNK: Loving a dose of #BrunoMars midweek. So amazing!
167,67,@CBS,0.7232,0.302,0.0,0.698,We‚Äôre only halfway into the show. Get ready for more of your favorite #BrunoMars tunes! https://t.co/BJh0PeX864
168,68,@CBS,0.0,0.0,0.0,1.0,"When #BrunoMars tells you to pick up the phone, that‚Äôs exactly what you do. https://t.co/JZDS26h3lL"
169,69,@CBS,0.8979,0.394,0.049,0.557,RT @MargoSlade: Best way to relax after a hard day of work watching #BrunoMars on #BrunosTVSpecial my heart is the happiest
170,70,@CBS,0.0,0.0,0.0,1.0,RT @Tiffany48184: Now that's how you open up a show!!!!! #BrunoMars
171,71,@CBS,0.6988,0.452,0.0,0.548,RT if you‚Äôre ready to party with #BrunoMars!! https://t.co/o4qQoKOzgH
172,72,@CBS,0.0,0.0,0.0,1.0,RT @BrunoMars: POP POP!!üí•üí• everyone tweet #BrunosTvSpecial! We on!!!! üçæ
173,73,@CBS,0.7067,0.246,0.0,0.754,RT @Queentassia14: Bruno Mars Live at the Apollo!!!! Yeah I have to wake up at like 4 am for work.... but it's worth it. #BrunoMars #Brunos‚Ä¶
174,74,@CBS,0.0,0.0,0.0,1.0,RT @asbstar30: BRUNO #BrunoMars
175,75,@CBS,0.0,0.0,0.0,1.0,"Get on your feet, and prepare to dance. #BrunoMars is hitting the stage! https://t.co/yOyq8JlMZj"
176,76,@CBS,0.6514,0.158,0.0,0.842,"Pop pop, it's showtime! Bruno Mars: 24K Magic Live at the Apollo starts at 10/9c on CBS, or try 1 month FREE of CBS‚Ä¶ https://t.co/cpCSYDKieM"
177,77,@CBS,0.1139,0.064,0.0,0.936,Calling all Bruno Mars' lovelies... don't miss Bruno Mars: 24K Magic Live at the Apollo tonight @ 10/9c on CBS &amp; CB‚Ä¶ https://t.co/nGOgukLMx9
178,78,@CBS,0.6825,0.228,0.0,0.772,You'll treasure this special night with #BrunoMars! Find out how to watch Bruno Mars: 24K Magic Live at the Apollo‚Ä¶ https://t.co/qF2eRcJLSJ
179,79,@CBS,0.5826,0.152,0.0,0.848,RT @BrunoMars: Ladies put your hoops on tonight! Fellas break out that good cologne! #BrunosTvSpecial is airing on @CBS! What y‚Äôall trynna‚Ä¶
180,80,@CBS,0.0,0.0,0.0,1.0,RT @YoungSheldon: Sheldon will do whatever it takes to get his hands on his own computer in tomorrow's all-new episode of #YoungSheldon! ht‚Ä¶
181,81,@CBS,0.0,0.0,0.0,1.0,RT @survivorcbs: What drama will ensue on back-to-back episodes of #Survivor tonight? Watch a sneak peek now: https://t.co/LHcxyClSw1 https‚Ä¶
182,82,@CBS,0.0,0.0,0.0,1.0,Discover every reason why #BrunoMars is 24K Magic! Watch Bruno Mars: 24K Magic Live at the Apollo tonight @ 10/9c o‚Ä¶ https://t.co/oaPjvl3rSW
183,83,@CBS,0.0,0.0,0.0,1.0,Did you catch these tiny moments during the 2017 Victoria's Secret Fashion Show? Find out what you may have missed:‚Ä¶ https://t.co/IIyupot9uU
184,84,@CBS,0.4559,0.142,0.0,0.858,RT @funnyordie: Live! Watch Tim Meadows and Patrick Brammall of @NoActivityCBS play themselves in new 8-bit video game! https://t.co/nXCuHO‚Ä¶
185,85,@CBS,0.0,0.0,0.0,1.0,The 'Only Angel' @Harry_Styles saw last night were the ones on the runway! Watch him perform at the #VSFashionShow:‚Ä¶ https://t.co/na8GAiZwmS
186,86,@CBS,0.6124,0.2,0.0,0.8,This entire collection is drop-dead gorgeous. See all the most sizzling looks from the 2017 #VSFashionShow:‚Ä¶ https://t.co/zpTKXcm05r
187,87,@CBS,0.4926,0.158,0.0,0.842,"Stars @Miguel, @Harry_Styles, @leslieodomjr &amp; more set the tone for a truly incredible show! Watch all the musical‚Ä¶ https://t.co/kmo4l3aGai"
188,88,@CBS,0.6696,0.191,0.0,0.809,Some of the best moments happen behind the scenes! Here's your backstage pass to the 2017 Victoria's Secret Fashion‚Ä¶ https://t.co/S8MpOnhC6b
189,89,@CBS,0.6696,0.183,0.0,0.817,"From the sky-high heels to the jaw-dropping wings, these outfits are fashion goals! See all the best looks from the‚Ä¶ https://t.co/GnyZ8NnBYH"
190,90,@CBS,0.4201,0.158,0.087,0.754,Missed the world‚Äôs most celebrated fashion show? Catch up on your own time and watch the entire 2017 Victoria's Sec‚Ä¶ https://t.co/9OuYvHItzh
191,91,@CBS,0.5826,0.152,0.0,0.848,"RT @VictoriasSecret: That‚Äôs a wrap on the 2017 #VSFashionShow!! BIG thanks to the Angels, the people of Shanghai &amp; YOU for watching! https:‚Ä¶"
192,92,@CBS,0.5106,0.249,0.0,0.751,Want to relive all of your favorite #VSFashionShow runway moments?  @GIPHY has you covered. https://t.co/mgfziAQR4c
193,93,@CBS,0.9476,0.449,0.0,0.551,"RT @vannalovescats: Another successful show. I‚Äôm so proud of all of the beautiful ladies, they all did amazing. The musical guests were FAN‚Ä¶"
194,94,@CBS,0.6289,0.371,0.0,0.629,55 Models. 88 Looks. 1 FABULOUS Night. #VSFashionShow https://t.co/TmYqRjDRE5
195,95,@CBS,0.0,0.0,0.0,1.0,Two. Million. Dollar. Bra. üòÆ  #VSFashionShow https://t.co/4dp7RbMHlp
196,96,@CBS,-0.5904,0.0,0.258,0.742,RT @exclvdes: HARRY SINGING ANGEL FOR THE ANGELS HAS ME CRYING #VSFashionShow
197,97,@CBS,0.4939,0.225,0.0,0.775,RT @victoriaa_POW: how does one become a vs angel overnight......asking for a friend #vsfashionshow
198,98,@CBS,0.0,0.0,0.0,1.0,RT @MzShortNSweet_: Guys it's almost done... I can notüò©üíÜüèæüíñüíïüòò‚ú® #VSFashionShow
199,99,@CBS,0.0,0.0,0.0,1.0,Absolute goddess. #VSFashionShow https://t.co/cSCwwFltQW
200,0,@CNN,-0.3818,0.069,0.147,0.784,"Larry Nassar, the former USA Gymnastics doctor who admitted to sexually abusing underage girls, has been sentenced‚Ä¶ https://t.co/ybnYj5BEKU"
201,1,@CNN,0.2263,0.095,0.0,0.905,President Trump will undergo a physical examination early next year and allow doctors to release details of his med‚Ä¶ https://t.co/ZB8W7Kmh7F
202,2,@CNN,-0.4215,0.0,0.128,0.872,Singapore Airlines changed a flight route between Asia and the US earlier this year because of fears over North Kor‚Ä¶ https://t.co/JQ4OcaqMJr
203,3,@CNN,-0.6705,0.0,0.191,0.809,He was shot and killed by Chicago police in 2014. But that‚Äôs just the beginning of this story. #BeneathTheSkin‚Ä¶ https://t.co/w7OAWo1MAK
204,4,@CNN,-0.5994,0.0,0.197,0.803,"To combat drug use, this gas station is installing blue lighting that makes it difficult for addicts to see their v‚Ä¶ https://t.co/9hDGEOd0kl"
205,5,@CNN,-0.296,0.0,0.115,0.885,The US Air Force is developing a weapon that could potentially be used to disable North Korean missiles‚Ä¶ https://t.co/lFN7EsA7rd
206,6,@CNN,0.0,0.0,0.0,1.0,"A man walking his dog on a British Columbia beach found a foot in a shoe, along with part of a leg. It's the 13th f‚Ä¶ https://t.co/JCo4e9vIV2"
207,7,@CNN,-0.34,0.0,0.124,0.876,‚ÄúSamir Lakhani was a college student when he started his nonprofit @ecosoapbank taking discarded soap from hotels a‚Ä¶ https://t.co/EXCOg1AGC0
208,8,@CNN,0.0,0.0,0.0,1.0,"RT @cnnbrk: Several people threw burning objects at a synagogue in Gothenburg, Sweden, late Saturday, police said. The incident is under in‚Ä¶"
209,9,@CNN,-0.4391,0.0,0.145,0.855,"From movie star to entrepreneur ‚Äì Jessica Alba tells @PoppyHarlowCNN that she ""was always very uncomfortable with t‚Ä¶ https://t.co/JPAuZnk1uB"
210,10,@CNN,0.0,0.0,0.0,1.0,President Trump has recorded a robocall for Alabama Senate candidate Roy Moore https://t.co/iA6SuCAJja https://t.co/j9wAe4M9kU
211,11,@CNN,-0.34,0.0,0.255,0.745,A warning about bitcoin's wild price swings https://t.co/lKHhSYmbE5 https://t.co/NDe6Z1JyWS
212,12,@CNN,-0.4939,0.0,0.198,0.802,A black market for fish bladders in China destroyed a porpoise in Mexico #vaquita https://t.co/sHCT2utmU7 https://t.co/oGsNX2yK8T
213,13,@CNN,0.0,0.0,0.0,1.0,Interior Secretary Ryan Zinke calls reports on helicopter use a 'wild departure from reality'‚Ä¶ https://t.co/0GSHDxzxjZ
214,14,@CNN,0.2023,0.114,0.0,0.886,Democratic lawmakers have asked the Treasury Department for documents on financial dealings with Russia‚Ä¶ https://t.co/zENswx0h7Z
215,15,@CNN,-0.765,0.0,0.485,0.515,Uber moves to settle rape victim's lawsuit https://t.co/kUaz3tk8DA https://t.co/dk7CXJgpyf
216,16,@CNN,0.0,0.0,0.0,1.0,These are the most eye-catching photos from 2017 https://t.co/Zu9dJD8yMz https://t.co/08tf7wW6hf
217,17,@CNN,0.0,0.0,0.0,1.0,How much is the GOP willing to sacrifice for a Senate seat? https://t.co/v30F2fdSTQ (via @CNNOpinion) https://t.co/ird0EQXlj8
218,18,@CNN,0.296,0.104,0.0,0.896,"On the surface, these two students share a lot of similarities. But one big thing sets them apart: their citizenshi‚Ä¶ https://t.co/fHKxZsy1ns"
219,19,@CNN,0.0,0.0,0.0,1.0,3-D printing braces up sea turtle with gap in its shell https://t.co/N8aEtUGoLx https://t.co/y8ayTfqGTo
220,20,@CNN,-0.6705,0.0,0.191,0.809,He was shot and killed by Chicago police in 2014. But that‚Äôs just the beginning of this story. #BeneathTheSkin‚Ä¶ https://t.co/YMtSoWI9Te
221,21,@CNN,0.7579,0.333,0.0,0.667,‚ÄúEveryone pretty much thought I was nuts.‚Äù - Jessica Alba on founding The Honest Company https://t.co/BNOiYb2oOg‚Ä¶ https://t.co/rHYVH6CbMz
222,22,@CNN,0.0,0.0,0.0,1.0,Renowned appeals court judge facing claims of inappropriate sexual conduct https://t.co/7WqfbNnU4K https://t.co/plPS2ki3Jc
223,23,@CNN,0.3818,0.148,0.0,0.852,The Mexican government closed the ocean for business to protect this dying mammal #vaquita https://t.co/pMvYj3ETkL https://t.co/tWKIGM87H3
224,24,@CNN,-0.85,0.088,0.347,0.565,Leslie Morissette's son died of leukemia at the age of 8 but she channeled her grief into helping other sick kids t‚Ä¶ https://t.co/WbjNycA7cr
225,25,@CNN,-0.3612,0.0,0.2,0.8,President Trump escalates 'rigged system' rhetoric amid Russia probe https://t.co/at1nudYImF https://t.co/SXBiDXB9pN
226,26,@CNN,-0.2023,0.0,0.13,0.87,President Trump stays on message during controversial civil rights museum visit https://t.co/esLUunzXoz https://t.co/hghQlmqTKG
227,27,@CNN,-0.3818,0.0,0.167,0.833,It's not just spraying water. This is how the pros fight wildfires. https://t.co/lbBPmQM54O https://t.co/5iRuS71rVc
228,28,@CNN,0.0,0.0,0.0,1.0,A snowstorm in the US has marched north after blanketing much of the Southeast https://t.co/3PEBTx2vYZ https://t.co/oTAZCFR2xI
229,29,@CNN,0.0,0.0,0.0,1.0,President Trump's 41 most eye-popping lines from his speech at a Roy Moore rally in Florida https://t.co/PDADngkh62‚Ä¶ https://t.co/WLN8QKy08I
230,30,@CNN,0.0,0.0,0.0,1.0,This is what University of Alabama football coach Nick Saban could do about Senate candidate Roy Moore‚Ä¶ https://t.co/uqswT0T1xY
231,31,@CNN,0.0,0.0,0.0,1.0,"Obama is right ‚Äî US democracy is fragile, writes Ruth Ben-Ghiat https://t.co/NqQxYWoYWc (via @CNNOpinion) https://t.co/VRUpXzu5PQ"
232,32,@CNN,0.0,0.0,0.0,1.0,President Trump speaks at the opening of the Mississippi Civil Rights Museum. Some civil rights and community leade‚Ä¶ https://t.co/hGZL3wOiZZ
233,33,@CNN,0.4019,0.144,0.0,0.856,RT @CNN: A special election has been set for Michigan Democratic Rep. John Conyers' vacated seat https://t.co/entiXqcU26 https://t.co/WBU4b‚Ä¶
234,34,@CNN,0.4019,0.162,0.0,0.838,A special election has been set for Michigan Democratic Rep. John Conyers' vacated seat https://t.co/entiXqcU26 https://t.co/WBU4bdSxKq
235,35,@CNN,-0.4019,0.0,0.231,0.769,"Israel airstrikes, Gaza rockets amid tensions over Jerusalem https://t.co/Bqm8klgieb https://t.co/3To4vEG0E8"
236,36,@CNN,0.0,0.0,0.0,1.0,Los Angeles Mayor Eric Garcetti has hinted at a possible run for president in 2020 https://t.co/CTKo5T0B2H https://t.co/3IzIMPHw5z
237,37,@CNN,0.0,0.0,0.0,1.0,"‚ÄúIt‚Äôs more than a cup of coffee, it‚Äôs a human rights movement‚Äù says Amy Wright, who founded @bittyandbeauscoffee em‚Ä¶ https://t.co/ye6JsCjzXn"
238,38,@CNN,-0.4767,0.0,0.237,0.763,How tax reform could make housing affordability even worse https://t.co/1Ta8yqRLzP https://t.co/JsyhvTG4S7
239,39,@CNN,0.0,0.0,0.0,1.0,"Roy Moore accuser acknowledges she added notes to Moore's inscription on her 1977 yearbook, but maintains that the‚Ä¶ https://t.co/nmouAMB0mY"
240,40,@CNN,0.0,0.0,0.0,1.0,The dark side of Obamacare coverage https://t.co/9xQu9ALEF0 https://t.co/NAgZfPTOiR
241,41,@CNN,0.4019,0.137,0.0,0.863,These 5 key questions will decide the Alabama Senate special election between Republican Roy Moore and Democrat Dou‚Ä¶ https://t.co/UKTeQ9mHmJ
242,42,@CNN,0.0,0.0,0.0,1.0,"""Jumanji"" draws new players into the game https://t.co/cZpV8ejI7W https://t.co/5yrfrgsKA6"
243,43,@CNN,0.2263,0.101,0.0,0.899,"When it comes to the economy, President Trump needs to get his statistics straight, writes Keith Boykin‚Ä¶ https://t.co/Exvm18FAko"
244,44,@CNN,0.0,0.0,0.0,1.0,Iraq's military says it has fully liberated the nation from ISIS and retaken full control of the Iraqi-Syrian borde‚Ä¶ https://t.co/wwteF2TnlN
245,45,@CNN,-0.85,0.088,0.347,0.565,Leslie Morissette's son died of leukemia at the age of 8 but she channeled her grief into helping other sick kids t‚Ä¶ https://t.co/9brN5v9CFM
246,46,@CNN,-0.4767,0.0,0.272,0.728,How demand for this black-market commodity threatens a small Mexican porpoise. #vaquita https://t.co/wslT2oxohT https://t.co/UlNXIf2tRo
247,47,@CNN,-0.4939,0.08,0.156,0.764,People can lie. But the case files may provide clues that will lead to the truth about this teen who was killed by‚Ä¶ https://t.co/rcmzimBu9C
248,48,@CNN,-0.5994,0.0,0.178,0.822,The first wild fire-related death has been confirmed in Southern California after a woman's body was found at a cra‚Ä¶ https://t.co/29M1qTrHM9
249,49,@CNN,0.807,0.399,0.0,0.601,The most popular GIF of 2017 actually perfectly sums up 2017 https://t.co/ngtOKjn7VU https://t.co/2gygUJbqer
250,50,@CNN,-0.7579,0.0,0.419,0.581,Russia ban adds to South Korea's Winter Olympics woes https://t.co/B5piqvORVx https://t.co/fue9O3N7UL
251,51,@CNN,0.0,0.0,0.0,1.0,"The world's biggest Starbucks store has been dubbed as the ""first fully immersive coffee wonderland in China""‚Ä¶ https://t.co/TQs65nSIJu"
252,52,@CNN,-0.4939,0.0,0.138,0.862,"In fear for his life, a police officer shoots an armed black teen. At least, that‚Äôs one version of
the story.‚Ä¶ https://t.co/UzrBj5g5HB"
253,53,@CNN,0.34,0.138,0.0,0.862,Japan Airlines invests $10 million into a Denver-based startup that wants to revive supersonic air travel‚Ä¶ https://t.co/CGr5jqfEm6
254,54,@CNN,0.0,0.0,0.0,1.0,Pizza Hut is testing beer and wine delivery https://t.co/W5Bq4KxcY9 https://t.co/4k49Rwwsr4
255,55,@CNN,0.296,0.167,0.0,0.833,"The UK and the European Union reached a significant milestone in their pursuit of a Brexit deal, breaking a deadloc‚Ä¶ https://t.co/FfH4Qn0wxt"
256,56,@CNN,-0.6597,0.0,0.188,0.812,The rise of a ‚Äòfish mafia‚Äô in this small Mexican town is killing off an entire population of small porpoises.‚Ä¶ https://t.co/j5p5p52aT5
257,57,@CNN,-0.34,0.0,0.124,0.876,‚ÄúSamir Lakhani was a college student when he started his nonprofit @ecosoapbank taking discarded soap from hotels a‚Ä¶ https://t.co/IjakHYflAp
258,58,@CNN,0.4939,0.186,0.0,0.814,"If President Trump wants to save Christmas, he might start with the trees https://t.co/yG6NFZEcbq https://t.co/k1FA3h4EXc"
259,59,@CNN,0.0,0.0,0.0,1.0,Is this the world's longest-lasting rainbow? It was reportedly on display for nine hours https://t.co/u7OYCB9j2F https://t.co/NyBysMaze6
260,60,@CNN,0.0,0.0,0.0,1.0,This couple plans to get married in every country that recognizes same-sex marriage. They've been married in four c‚Ä¶ https://t.co/ckmnrWOpWe
261,61,@CNN,0.1779,0.116,0.0,0.884,The Amazon Prime Video streaming app is now available for Apple TV https://t.co/0m9NlMkLQP https://t.co/3rXEkNOkcJ
262,62,@CNN,0.0516,0.062,0.0,0.938,Driver captures dramatic footage showing just how close the massive wildfire in California is to a major freeway in‚Ä¶ https://t.co/Hzjt268Nf3
263,63,@CNN,0.0,0.0,0.0,1.0,Instagram is testing a standalone messaging app called Direct https://t.co/4xFA8jtfHv https://t.co/aX2ZhrMBbC
264,64,@CNN,0.4939,0.151,0.0,0.849,"Conservation efforts to save the flightless kiwi bird have paid off, with two species upgraded from ""endangered"" to‚Ä¶ https://t.co/BtZohyI42P"
265,65,@CNN,-0.296,0.0,0.115,0.885,The US Air Force is developing a weapon that could potentially be used to disable North Korean missiles‚Ä¶ https://t.co/gg06dAlMCG
266,66,@CNN,0.0,0.0,0.0,1.0,The fallout from American Airlines' pilot scheduling glitch could cost the company $10 million‚Ä¶ https://t.co/0vv5A08x5n
267,67,@CNN,0.0,0.0,0.0,1.0,The Trump administration and State Department continue to grapple with vacancies across its senior ranks. Dozens of‚Ä¶ https://t.co/dHji7xxYZU
268,68,@CNN,0.34,0.112,0.0,0.888,"Chipotle is literally giving away queso. The catch? It's on December 12, and you'll have to wear a ""cheesy"" sweater‚Ä¶ https://t.co/o4yT0qVXjA"
269,69,@CNN,0.0,0.0,0.0,1.0,"A new survey shows that 42% of parents would consider sending their kids abroad for college, up from 35% in 2016‚Ä¶ https://t.co/p8NAF2slMw"
270,70,@CNN,0.4019,0.114,0.0,0.886,"Most US airlines are set to limit the use of ""smart luggage"" over concerns about batteries inside -- which can't be‚Ä¶ https://t.co/10dS23EARw"
271,71,@CNN,0.3818,0.167,0.0,0.833,"An Iranian-Turkish gold trader admitted in a US court that he made ""maybe $150 million"" by helping Iran dodge inter‚Ä¶ https://t.co/Rg7lWv2FO5"
272,72,@CNN,-0.6124,0.0,0.227,0.773,"The arrests of 8 Baltimore police officers on racketeering charges earlier this year may affect more than 2,000 cri‚Ä¶ https://t.co/Daifvmyn0L"
273,73,@CNN,-0.4215,0.0,0.128,0.872,Singapore Airlines changed a flight route between Asia and the US earlier this year because of fears over North Kor‚Ä¶ https://t.co/WxbGL2mJsN
274,74,@CNN,0.2023,0.114,0.0,0.886,Here's why Taylor Swift is on Time magazine's Person of the Year cover https://t.co/VH82LnvWZN https://t.co/i5mhoJwTEJ
275,75,@CNN,0.0,0.0,0.0,1.0,"The bladder of this fish can fetch up to $250,000 on the black market. #vaquita https://t.co/ghZDxsv5IJ https://t.co/vcVtlV4WuR"
276,76,@CNN,0.0,0.0,0.0,1.0,"We all tend to change our voices when talking to babies, but those changes can also vary across cultures. Here's ho‚Ä¶ https://t.co/AlhgjOIJeW"
277,77,@CNN,0.6369,0.245,0.0,0.755,The Trump administration has abruptly canceled plans to shift dedicated funding away from a program helping the mos‚Ä¶ https://t.co/7znX80yo2S
278,78,@CNN,0.7506,0.331,0.159,0.51,"Bankrupt Toys ""R"" Us wins approval to pay $16 million in executive bonuses if the company hits financial targets fo‚Ä¶ https://t.co/C3yPFuRhtF"
279,79,@CNN,0.128,0.158,0.137,0.705,"In a win for Google, a California judge has rejected a class action claim against the company for alleged gender in‚Ä¶ https://t.co/ynW0nkudEE"
280,80,@CNN,0.3612,0.172,0.0,0.828,This is what California‚Äôs wildfires look like 438 miles above Earth https://t.co/GGjl3sndvJ https://t.co/3kXt1JLbnx
281,81,@CNN,0.0,0.0,0.0,1.0,A spokeswoman for Roy Moore's Senate campaign compared the claims that women have made against the Alabama Republic‚Ä¶ https://t.co/TBnfa9QJCT
282,82,@CNN,0.2263,0.106,0.0,0.894,The US military is concerned that actions of Russian aircraft could potentially spark a clash over Syria‚Ä¶ https://t.co/ijK0n9sqPz
283,83,@CNN,0.4019,0.137,0.0,0.863,Anheuser-Busch is getting Tesla's trucking party started with an order for 40 of its new electric semi-trucks‚Ä¶ https://t.co/0e0D4YplUd
284,84,@CNN,0.5719,0.299,0.095,0.606,A divided Supreme Court agreed 5-4 to temporarily freeze a lower court order requiring the government to turn over‚Ä¶ https://t.co/AruhUiYad5
285,85,@CNN,-0.5994,0.0,0.197,0.803,"To combat drug use, this gas station is installing blue lighting that makes it difficult for addicts to see their v‚Ä¶ https://t.co/O23ocK1Wtl"
286,86,@CNN,0.0,0.0,0.0,1.0,"NAACP President Derrick Johnson says he will not be at the opening of the Mississippi Civil Rights museum, citing P‚Ä¶ https://t.co/dyEhp4ciid"
287,87,@CNN,0.7269,0.337,0.0,0.663,This man braved the California wildfires to save a rabbit from the flames https://t.co/ejTYAI8gkR https://t.co/iTzjq5mjmK
288,88,@CNN,0.0,0.0,0.0,1.0,"A federal appeals court ruled that the confession given by Brendan Dassey, a key figure in the Netflix ""Making a Mu‚Ä¶ https://t.co/6UZ87BOs69"
289,89,@CNN,0.0,0.0,0.0,1.0,A Democratic senator is calling for the investigation into Interior Secretary Ryan Zinke's travel to include his us‚Ä¶ https://t.co/G2T9SapoTh
290,90,@CNN,0.1027,0.159,0.135,0.706,Alabama voters struggle with the question of whether to support Roy Moore https://t.co/fWv3Nn9UWz https://t.co/lDFFqG21xV
291,91,@CNN,0.1779,0.116,0.0,0.884,A hedge fund manager says President Trump asked him if Amazon is a monopoly https://t.co/ZLURhQwYpU https://t.co/5XMc96R86U
292,92,@CNN,0.0,0.0,0.0,1.0,"Americans are commuting longer, paying more for rent and speaking less English at home, according to new data from‚Ä¶ https://t.co/KA6m5KJBgd"
293,93,@CNN,-0.0516,0.12,0.13,0.75,"For the first time, Japan will buy long-range missiles to counter ""increasingly severe"" national security situation‚Ä¶ https://t.co/zIb4ZvbKhO"
294,94,@CNN,0.0,0.0,0.0,1.0,Dubai has big plans to revolutionize how we travel https://t.co/71HjJAZMiS https://t.co/TnJbGCinSZ
295,95,@CNN,0.0258,0.102,0.098,0.8,The head of a prominent conservative group was present last week when a woman who has accused Rep. Trent Franks of‚Ä¶ https://t.co/9HPflEzAHM
296,96,@CNN,0.4019,0.119,0.0,0.881,"President Trump urged Alabama voters to ""get out and vote for Roy Moore"" in Tuesday's Senate special election as he‚Ä¶ https://t.co/ZSh0S0pXwF"
297,97,@CNN,0.0,0.0,0.0,1.0,"Roy Moore, Jerusalem and LGBT rights: Why is religion so divisive? https://t.co/r8GUpvLLOG https://t.co/KuvkSOFO03"
298,98,@CNN,0.0,0.0,0.0,1.0,The #metoo movement comes to Washington | Analysis by @CillizzaCNN https://t.co/8bjuGlOhZs https://t.co/mCwBVO6624
299,99,@CNN,0.4019,0.153,0.0,0.847,A CNN special report: ‚ÄúThe Mystery of Michael Flynn‚Äù starts now. Watch on CNN or https://t.co/UYpqI3w42L https://t.co/7z1sxduj7K
300,0,@Fox,0.7086,0.237,0.054,0.71,RT @scribblingfox: QUICK BEAUTY TIP FOR LADIES: Decrease fine lines and under eye bags by not doing emotional labor for men today.
301,1,@Fox,0.6808,0.211,0.0,0.789,"RT @Una: Observations of my friends interviewing w/multiple offers:

Men be like: ""I got X offer from Y company, and I'm going to need you‚Ä¶"
302,2,@Fox,0.7569,0.619,0.0,0.381,@cesidio thank you! That‚Äôs very kind üòä
303,3,@Fox,0.0,0.0,0.0,1.0,RT @EricaJoy: We have not been silent. You have not been listening.
304,4,@Fox,0.0,0.0,0.0,1.0,"RT @marazepeda: Patreon has raised $100MM
Kickstarter has raised $10MM
The Business Model is The Message https://t.co/Kz0k5jI7zY https://t.‚Ä¶"
305,5,@Fox,0.5106,0.13,0.0,0.87,RT @notwaldorf: Hot take: the major difference between junior and senior developers is the confidence that you know where to find the code‚Ä¶
306,6,@Fox,0.7845,0.317,0.0,0.683,"@mikeal Agree. I definitely wouldn‚Äôt treat it as a wage. For me, it‚Äôs a small payoff for the work I have been doing‚Ä¶ https://t.co/lAcuviGh5J"
307,7,@Fox,0.7003,0.296,0.064,0.64,"@mikeal Yeah, I agree it‚Äôs tricky, although I find it interesting to see the earnings spread because I did get an i‚Ä¶ https://t.co/9mjqzbo0dB"
308,8,@Fox,0.0,0.0,0.0,1.0,"Only 2% of Patreon creators who earn more than the federal minimum wage through the site, according to public earni‚Ä¶ https://t.co/IAeu1BxABm"
309,9,@Fox,0.4915,0.181,0.0,0.819,"RT @Sareh88: Communication is more important than the code you write.
Communication is more important than the code you write.
Communicatio‚Ä¶"
310,10,@Fox,-0.5267,0.0,0.152,0.848,@MlleLicious I think I have to scale it back though. My technical career has been neglected for many reasons for to‚Ä¶ https://t.co/e268NK1XJe
311,11,@Fox,0.0516,0.124,0.116,0.76,"A few months ago I was energised about a variety of D&amp;I initiatives of mine, now I‚Äôm just tired and Patreon is push‚Ä¶ https://t.co/L3l8pw6PIv"
312,12,@Fox,0.0,0.0,0.0,1.0,"Daily reminder: overthrow the patriarchy.

üòé"
313,13,@Fox,-0.4019,0.0,0.278,0.722,RT @kamilah: He has some damn nerve https://t.co/YjqDBMjIjG
314,14,@Fox,0.0,0.0,0.0,1.0,RT @yassmin_a: I don‚Äôt know if it is my place to say this on a day of celebration... but those who enabled the kind of debate we saw should‚Ä¶
315,15,@Fox,0.6588,0.285,0.0,0.715,What a great day‚Äîsame sex marriage bill passes in Australian parliament! üè≥Ô∏è‚Äçüåà‚ù§Ô∏è https://t.co/O2abqYPwOL
316,16,@Fox,-0.3802,0.0,0.132,0.868,"RT @LailaLalami: Woman reports a predator anonymously.
""Anonymous accusations aren't credible!""
Woman reports under her name.
""She just wan‚Ä¶"
317,17,@Fox,-0.6369,0.0,0.198,0.802,"I too have encountered abusive, harassive CEOs, and the situation was the same‚Äîit‚Äôd be impossible to report without‚Ä¶ https://t.co/I39d3fMbrG"
318,18,@Fox,0.1779,0.131,0.1,0.769,"While I think this is a good thing, I also believe many whistleblowers were missed, especially those in the tech in‚Ä¶ https://t.co/xk06TIegU1"
319,19,@Fox,-0.8271,0.0,0.372,0.628,Time person of the year: women blowing the whistle on sexual harassment and abuse. https://t.co/Jw2tIDw3mH
320,20,@Fox,-0.1154,0.184,0.199,0.617,"I don‚Äôt know about you, but I‚Äôm loving the reckoning abusive white men are facing right now. Their time is over."
321,21,@Fox,0.6124,0.208,0.0,0.792,"RT @kieczkowska: üëã Dear Twitterverse üëã 
I'm looking for an internship in cyber security or forensics for summer 2018 (am available June, Ju‚Ä¶"
322,22,@Fox,0.4019,0.105,0.0,0.895,"RT @ekp: I've been trying to figure out how to express my support for more activists, and @Luvvie had all the right words https://t.co/zR6T‚Ä¶"
323,23,@Fox,0.0,0.0,0.0,1.0,The silence from @StartupVic only confirms the exclusionary ecosystem of Australian tech community ‚Äúleaders‚Äù. https://t.co/koJDqJSz8Y
324,24,@Fox,0.0,0.0,0.0,1.0,"RT @milanmoffatt: shortest type lesson on the internet: 
‚úèÔ∏è web type should be 60 characters in width max
üî§ a general rule for line-height‚Ä¶"
325,25,@Fox,-0.34,0.075,0.133,0.792,It‚Äôs saddening to see such significant fee changes in @patreon. It excludes patrons who are willing or can only aff‚Ä¶ https://t.co/6hChADtrLR
326,26,@Fox,-0.34,0.067,0.119,0.815,"RT @ashleyn1cole: The news: Men are starting to fear and question if their every little interaction will be seen as flirting. 
Me: Men are‚Ä¶"
327,27,@Fox,0.6705,0.244,0.0,0.756,"@karlbright naah, I love my cameras. Still use Canon + Fuji XT1 heavily, for ‚Äúreal‚Äù photography. I do want the X th‚Ä¶ https://t.co/2IF1P3sq3q"
328,28,@Fox,-0.0258,0.103,0.108,0.788,"@cramforce In this particular case, it‚Äôs a mixed approach with no transparency with the process that creates a prec‚Ä¶ https://t.co/6IkuEkHgR1"
329,29,@Fox,0.7178,0.353,0.0,0.647,"@superhighfives @benschwarz thanks Charlie, so nice of you my wrinkles already grew bigger üòÇ"
330,30,@Fox,-0.7269,0.061,0.284,0.655,"@cramforce I‚Äôm 100% fine with curated lineups, but I have a problem with lack of transparency and exclusionary tend‚Ä¶ https://t.co/SmeCn2LYlH"
331,31,@Fox,0.3612,0.455,0.0,0.545,@chelsea thank you üíñüòò
332,32,@Fox,0.4588,0.231,0.0,0.769,@karlbright Canon EOS 6D. I‚Äôm still on an old iPhone 6 :)
333,33,@Fox,0.7717,0.295,0.0,0.705,"Turned 30 today.

‚úÖ drove a convertible
‚úÖ seen a wild koala
‚úÖ had an amazing meal
‚úÖ hiked a bunch

All thanks to‚Ä¶ https://t.co/E7qhZ9u1VZ"
334,34,@Fox,0.0,0.0,0.0,1.0,@ctrlaltjustine üòòüòòüòòüòòüòò
335,35,@Fox,0.0,0.0,0.0,1.0,@SachaGreif hi at thefox.is
336,36,@Fox,0.7085,0.385,0.0,0.615,"@sailorhg You‚Äôve made it, congratulations üíÖüèª

I‚Äôll never hear it no matter what I do üò≠"
337,37,@Fox,0.6996,0.234,0.0,0.766,"@cckate üëã Thank you!

It was a list of diversity and inclusion activists I look up to. You can find it here :) https://t.co/EQ8D4HtcOj"
338,38,@Fox,0.5106,0.171,0.0,0.829,"I don‚Äôt trust events doing this unless there‚Äôs a very transparent process in place, establishing fairness and equal‚Ä¶ https://t.co/M084AitSnK"
339,39,@Fox,0.1531,0.078,0.0,0.922,"Furthermore, when conferences invite the same people over and over, it perpetuates cliquey nature of the tech community. It‚Äôs exclusionary."
340,40,@Fox,0.6808,0.228,0.0,0.772,"Secondly, how can anyone trust the selection process to be fair if initial choices were apparently made based on ma‚Ä¶ https://t.co/5KyHkvNAUi"
341,41,@Fox,0.5106,0.191,0.0,0.809,"Firstly, showcasing a bunch of famous names doesn‚Äôt encourage underrepresented groups or anyone without prominence‚Ä¶ https://t.co/ZywFPvKM3y"
342,42,@Fox,-0.4019,0.0,0.137,0.863,Here‚Äôs a problem I have with conferences which announce partial lineups full of ‚Äúprominent‚Äù speakers and run Call f‚Ä¶ https://t.co/ifTro36ncs
343,43,@Fox,0.6808,0.28,0.0,0.72,"That makes me wonder. Are @startupvic supporters having those views as well, since nobody seems to be challenging t‚Ä¶ https://t.co/qpAIX9iZPr"
344,44,@Fox,0.7906,0.348,0.0,0.652,".@StartupVic, care to explain why your chair endorses an article agreeing that James Damores‚Äô manifesto was a produ‚Ä¶ https://t.co/duyHb5CzKY"
345,45,@Fox,0.4588,0.12,0.0,0.88,"RT @Asher_Wolf: Why is the Chair of @StartUpVic tweeting an article that claims James Damore's memo was an attempt at a ""respectful and pro‚Ä¶"
346,46,@Fox,-0.0258,0.192,0.197,0.61,A timely comment on abusive behaviours online: the Internet is great at remembering things in perpetuity.
347,47,@Fox,0.0,0.0,0.0,1.0,RT @stephpalmeri: The Cost of Devaluing Women - must read from @SallieKrawcheck in the New York Times https://t.co/CdBJ8rHQT9
348,48,@Fox,0.0,0.0,0.0,1.0,"RT @jensimmons: I think most men don‚Äôt realize the very act of a woman wanting a career, dreaming she should have one, and going off to mak‚Ä¶"
349,49,@Fox,-0.8934,0.0,0.327,0.673,"RT @triketora: Besides, I hate getting called out. It makes me feel bad. As an ally, I shouldn‚Äôt have to feel bad ‚Äì because I‚Äôm an ally. Ge‚Ä¶"
350,50,@Fox,0.4939,0.247,0.171,0.582,"@MylesBorins haha, no worries, happens to the best of us.

It‚Äôs just the sheer volume of proposals not following an‚Ä¶ https://t.co/7KCHju3Xys"
351,51,@Fox,0.6908,0.231,0.0,0.769,"@IvanaMcConnell We have a gender free form field but it‚Äôs basically women, men, snarky men trying to be smart and a‚Ä¶ https://t.co/iq5Fztx37F"
352,52,@Fox,0.0,0.0,0.0,1.0,@IvanaMcConnell I might wrangle the data together to show the demographics. I think we only got ~20% of women apply‚Ä¶ https://t.co/nnwwxYGs9M
353,53,@Fox,0.0,0.0,0.0,1.0,"@tlakomy 1) disclosing identifying information (name, employer, project, website, etc.)
2) too long
3) ableisms and sexist language"
354,54,@Fox,0.0,0.0,0.0,1.0,"@IvanaMcConnell been reading them for 5+ hours, but I ruthlessly skip the ones that don‚Äôt follow the rules"
355,55,@Fox,0.0,0.0,0.0,1.0,"AKA a million ways most people don‚Äôt ever read and follow instructions, a musical. 

https://t.co/WMU5xqy5rP"
356,56,@Fox,0.0,0.0,0.0,1.0,"@dawnahukanna 9 for CSS, 16 for JSConf, so only a small fraction (there are much more proposals for JS too).

We no‚Ä¶ https://t.co/vN0NM14ztp"
357,57,@Fox,0.0,0.0,0.0,1.0,See you all after reading 777 proposals for @cssconfau and @jsconfau üë©‚Äçüíª
358,58,@Fox,0.8904,0.726,0.0,0.274,"@PreciselyAlyss üò≥ wow, thank you! That‚Äôs very kind!"
359,59,@Fox,0.4215,0.123,0.0,0.877,‚Äú‚ÄòNewsworthiness‚Äô is the new ‚ÄòAlgorithms did it‚Äô. I can‚Äôt go on sharing the same space with Trump and Nazis. I am d‚Ä¶ https://t.co/JF07fxsbj5
360,60,@Fox,-0.2481,0.137,0.177,0.686,Last few days of my 20s and I can feel the impending existential crisis üòÇ  At least I still look fabulous! https://t.co/zosKaI7R5P
361,61,@Fox,0.0,0.0,0.0,1.0,"@alexgoffey @goawaygeek omg, it‚Äôs on! üíñ"
362,62,@Fox,0.765,0.248,0.0,0.752,RT @triketora: super smart on behalf of conference organizers: require attendees to wear name tags even at afterparties (even if dorky) so‚Ä¶
363,63,@Fox,0.4404,0.342,0.161,0.497,Thank goodness it‚Äôs Friday as I desperately need the wine hour. https://t.co/m5OJf8fTfP
364,64,@Fox,0.0,0.0,0.0,1.0,@waferbaby @dgoodlad @samkottler dave is this the 200 dollar Christmas tree you got delivered
365,65,@Fox,0.0,0.0,0.0,1.0,"@Mandy_Kerr A month to write, practice and put slides together. Working each afternoon mostly."
366,66,@Fox,0.5984,0.214,0.0,0.786,"@lara_hogan To be completely honest, I think one of the things that prevents me from launching more is the complexi‚Ä¶ https://t.co/fyqNEE3DqH"
367,67,@Fox,0.5574,0.173,0.0,0.827,"RT @vdignum: Please endorse the Bechdel test for academic&amp;tech conferences:
1) two women speaking
2) in the same panel or session
3) not ab‚Ä¶"
368,68,@Fox,0.4023,0.105,0.0,0.895,"RT @everywhereist: I'm just a girl
standing in front of a boy
asking him to not whip his dick out
especially in work contexts
I mean, hones‚Ä¶"
369,69,@Fox,0.6486,0.227,0.0,0.773,"Truth bombs from a dictionary. 

‚ÄúThe silent acceptance of wrongdoing is how we‚Äôve gotten to this point. We must no‚Ä¶ https://t.co/qyMxAfOSvw"
370,70,@Fox,-0.5574,0.0,0.231,0.769,RT @gesa: Holy shit https://t.co/JB4ppYfam1 is DONE FUCKING AROUND with your complicity. https://t.co/Splpxv8FEY
371,71,@Fox,0.3182,0.091,0.0,0.909,"RT @jilljubs: since women have been held to proving themselves competent for ages, men should now be held to proving that they arent comple‚Ä¶"
372,72,@Fox,0.8834,0.526,0.0,0.474,"Sure, profitability is important, but I want to see a continued commitment to supporting URMs. Are funds and startu‚Ä¶ https://t.co/q7QNxhr63n"
373,73,@Fox,0.4019,0.119,0.0,0.881,What I‚Äôm interested in is how many of Startmate startups have founders and C-level execs who are members of underre‚Ä¶ https://t.co/LAekzVj2a2
374,74,@Fox,-0.3182,0.0,0.103,0.897,"RT @yassmin_a: Or if you‚Äôre a founder w a disability, queer, poc or anything that isn‚Äôt ‚Äòclassic stereotype of startup person‚Äô... get on in‚Ä¶"
375,75,@Fox,0.2732,0.084,0.0,0.916,"RT @sw: But let's keep talking about how the blockchain is going to revolutionise power structures and power dynamics, when 95%+ of its val‚Ä¶"
376,76,@Fox,0.0,0.0,0.0,1.0,@brianleroux just you wait till the storms roll in
377,77,@Fox,-0.2144,0.0,0.188,0.812,"A worrisome, but necessary read about gaslighting in relationships. https://t.co/f43zcNMxZC"
378,78,@Fox,0.0,0.0,0.0,1.0,@kylietimpani Fitzroy is staying real
379,79,@Fox,-0.7065,0.129,0.304,0.567,RT @laraeparker: NO ONE GIVES A SHIT IF YOU HAD A POSITIVE EXPERIENCE WITH A DUDE WHO IS NOW BEING ACCUSED OF SEXUAL MISCONDUCT BY MULTIPLE‚Ä¶
380,80,@Fox,-0.1779,0.077,0.107,0.815,"RT @kimbaheartsyou: @yassmin_a @StartupVic The Aus startup scene is a mess of bro culture, casual sexism and founders claiming that the onl‚Ä¶"
381,81,@Fox,0.4939,0.39,0.0,0.61,I‚Äôm still laughing at this. https://t.co/c7Xw8Xso3C
382,82,@Fox,0.8221,0.323,0.0,0.677,"RT @sailorhg: hey hey! if you're interested in some holiday shopping while supporting indie artists &amp; visiting our studio space, @byalicele‚Ä¶"
383,83,@Fox,0.34,0.112,0.0,0.888,@taylor_atx @maxcell I gladly show these people the door to never participating in my events. At least they self se‚Ä¶ https://t.co/ZWHQmrN74U
384,84,@Fox,0.0,0.0,0.0,1.0,"@modernserf most cases they actually submit, I think"
385,85,@Fox,-0.4215,0.077,0.197,0.726,"RT @theinformation: Among the top 30 private, venture-backed tech companies, 50% still lack gender diversity, and 47% lack independent dire‚Ä¶"
386,86,@Fox,0.0,0.0,0.0,1.0,You can build a sustainable business without VC money or indulging in startup-bro culture.  üôåüèª https://t.co/vAv6hv5ya2
387,87,@Fox,0.0,0.0,0.0,1.0,One of the reasons why I‚Äôm not participating in Australian startup ecosystem is the culture of perpetuating structu‚Ä¶ https://t.co/tG9kCca3I5
388,88,@Fox,0.0,0.0,0.0,1.0,"RT @yassmin_a: Holy moly the Chairman of @StartupVic believes similar things to the Google Memo guy? 

I wonder whether this has contribute‚Ä¶"
389,89,@Fox,0.4522,0.186,0.0,0.814,"@yassmin_a I‚Äôve seen him say similar things quite a few times, so I‚Äôd say yes."
390,90,@Fox,-0.5474,0.0,0.414,0.586,"@cpayan_ Somehow, it becomes so difficult!"
391,91,@Fox,0.4404,0.214,0.11,0.676,"@kyhwana yes, we do. Nothing wrong with that. We say explicitly, feel free not to fill the field. It‚Äôs not mandator‚Ä¶ https://t.co/uhnveMRcTl"
392,92,@Fox,0.8158,0.599,0.0,0.401,"@jna_sh They really try their best, haha"
393,93,@Fox,0.3182,0.434,0.0,0.566,Cool story dude. https://t.co/8K7P5DbREW
394,94,@Fox,0.0,0.0,0.0,1.0,"@Mandy_Kerr everything you‚Äôd expect to happen, will happen basically. I‚Äôve seen so much exploitation or simply not‚Ä¶ https://t.co/6pRgJCqnOL"
395,95,@Fox,0.7269,0.357,0.0,0.643,@MelissaKaulfuss I‚Äôm pretty good at showing people the door at this point üòÇ ‚úåüèª
396,96,@Fox,0.7845,0.434,0.0,0.566,@philnash Love me some snarky developers thinking they‚Äôre smart and witty üòÇ
397,97,@Fox,0.0,0.0,0.0,1.0,"To people entering snarky replies in the gender field in Call for Proposals for any conferences I run:

Your jokes‚Ä¶ https://t.co/Zs8IwYPbQY"
398,98,@Fox,0.2144,0.098,0.0,0.902,I appreciate the data visualisation but defining diversity by highlighting the presence of women is harmful to othe‚Ä¶ https://t.co/PXS4VaxZjW
399,99,@Fox,0.6461,0.26,0.0,0.74,"For product help documentation, which one would you prefer? Self-hosted, more basic solution or Intercom-powered, s‚Ä¶ https://t.co/ffH7alXr8T"
400,0,@NYTimes,0.0,0.0,0.0,1.0,"‚ÄúYou hit a patch of ice on a turn, that‚Äôs it,‚Äù said one AAA official. https://t.co/1zyynodghf"
401,1,@NYTimes,0.2732,0.13,0.0,0.87,"On Washington: How Arctic Drilling, Stymied for Decades, Made Surprise Return in Tax Bill https://t.co/VI6u4ctFHB"
402,2,@NYTimes,-0.7269,0.0,0.404,0.596,"In Indonesia, Women Begin to Fight ‚ÄòEpidemic‚Äô of Street Harassment https://t.co/ZpTA0g1yXx"
403,3,@NYTimes,0.0,0.0,0.0,1.0,The 4th largest planetarium in the world is opening in Jersey City https://t.co/wnQO2hdsrW
404,4,@NYTimes,0.0,0.0,0.0,1.0,"29,000 square feet. 400 employees. Hundreds of coffee drinkers. A look inside the largest Starbucks in the world: https://t.co/NQEkAJ3nNl"
405,5,@NYTimes,0.0,0.0,0.0,1.0,Op-Ed Columnist: Roadkill on Capitol Hill https://t.co/pjh1qJclyf
406,6,@NYTimes,0.0,0.0,0.0,1.0,Screens (and Titles) Full of ‚ÄòWonder‚Äô https://t.co/rnvnRzHVuG
407,7,@NYTimes,0.6369,0.296,0.0,0.704,Where to stream some of the best movies of 2017 https://t.co/hY7iFrelhm
408,8,@NYTimes,-0.4588,0.0,0.286,0.714,"With Alabama Senate Race Defined by Scandal, Policy Issues are Overlooked https://t.co/eUlitMvDoT"
409,9,@NYTimes,0.0,0.0,0.0,1.0,A white couple adopted a black girl and then returned her for a white daughter. This is what happened when the 2 wo‚Ä¶ https://t.co/QYsrMk1Tx4
410,10,@NYTimes,-0.5423,0.0,0.22,0.78,"Trump views himself as a maligned outsider struggling to be taken seriously, according to interviews with 60 inside‚Ä¶ https://t.co/fwpQ22EgpA"
411,11,@NYTimes,0.0,0.0,0.0,1.0,Making a gingerbread house doesn't have to be daunting https://t.co/9x21yj82XL https://t.co/LZeSbX7Wqt
412,12,@NYTimes,-0.3182,0.0,0.113,0.887,"What Trump‚Äôs decision to recognize Jerusalem as Israel‚Äôs capital means for the city, the conflict and the world https://t.co/rUS2YFE7at"
413,13,@NYTimes,0.0,0.0,0.0,1.0,"Opinion: ""Bears Ears will always be Native land. But the protections President Trump is gutting are sorely needed."" https://t.co/uBsmdmL5hn"
414,14,@NYTimes,0.2584,0.097,0.0,0.903,"‚ÄúPlease do not shoot me"": Newly released body camera footage shows a police officer shooting an unarmed man in Ariz‚Ä¶ https://t.co/pQV4G1yX4A"
415,15,@NYTimes,-0.7845,0.0,0.331,0.669,We're tracking the men who have been accused of sexual misconduct since the Weinstein scandal broke. Our list: https://t.co/wI0Fshg6vQ
416,16,@NYTimes,0.4019,0.153,0.0,0.847,"For decades, there has always been a must-have holiday toy ‚Äî and this year, it's the Fingerling‚Ä¶ https://t.co/H6GoEkDoRG"
417,17,@NYTimes,0.0,0.0,0.0,1.0,"92 Somali citizens were flown out of the U.S. under orders of deportation, but their plane never made it to Somalia https://t.co/nhJtXcDrjG"
418,18,@NYTimes,0.5719,0.217,0.0,0.783,Shohei Ohtani could become the first significant 2-way MLB player since Babe Ruth accomplished the feat a century a‚Ä¶ https://t.co/R1ekKHYrbz
419,19,@NYTimes,0.5574,0.217,0.0,0.783,"A military romance, with miles to go before they sleep under the same roof https://t.co/aYYKQPUTid"
420,20,@NYTimes,-0.1639,0.05,0.08,0.87,"‚ÄúOnce they identified you as a girl they wanted to have sex with, they would hardly leave you alone a single day"" https://t.co/CJB9UosN4g"
421,21,@NYTimes,0.5574,0.194,0.0,0.806,RT @AKannapell: What We‚Äôre Reading: a rich range of recommendations via @AnnaDubenko @rodnordland @tripgabriel @Lyrichnyc @prashantrao @lia‚Ä¶
422,22,@NYTimes,0.296,0.155,0.0,0.845,Developers are creating what are essentially new buildings in old prewar shells https://t.co/del6qq8sXW
423,23,@NYTimes,0.5106,0.148,0.0,0.852,"Opinion: ""America, you‚Äôve been had: ginseng and Jeju volcano water are not the whole story behind that flawless ski‚Ä¶ https://t.co/Rs2M9vMnLI"
424,24,@NYTimes,0.0,0.0,0.0,1.0,"Jerusalem is not just its postcard vistas. The day-in, day-out friction can be draining. https://t.co/qMaODJr6VZ"
425,25,@NYTimes,0.4404,0.132,0.0,0.868,Some consumers are finding they can get a better deal on prescription drugs by leaving their insurance cards at home https://t.co/SwuD280Nua
426,26,@NYTimes,0.1298,0.061,0.0,0.939,"In most places, a dollar is a dollar. But in the tax plan, the amount you make may be less important than how you m‚Ä¶ https://t.co/qepokO3nqG"
427,27,@NYTimes,-0.7003,0.0,0.244,0.756,"Why can‚Äôt India, which has made enormous strides fighting poverty and aspires to be a superpower, get a handle on i‚Ä¶ https://t.co/YNgEzsBYlb"
428,28,@NYTimes,0.0,0.0,0.0,1.0,"We interviewed members of 7 families who have spoken to parents, grandparents, sons or daughters about sexual assau‚Ä¶ https://t.co/ng4f5M6qlC"
429,29,@NYTimes,-0.8074,0.0,0.313,0.687,The wave of violence that had been feared in Jerusalem after Trump‚Äôs recognition did not immediately materialize https://t.co/PDUvbV5sx4
430,30,@NYTimes,-0.3774,0.142,0.254,0.604,"In a profession built on developing trust with lawmakers, female lobbyists are especially at risk for harassment https://t.co/Oi7NnOTYcp"
431,31,@NYTimes,0.0,0.0,0.0,1.0,Explore Bears Ears National Monument and its indigenous community in 360 video https://t.co/kLbGTYjI9g https://t.co/m4XrdYvPTQ
432,32,@NYTimes,-0.0258,0.113,0.118,0.769,"60 insiders reveal Trump's daily fight for self-preservation: cable news, Diet Cokes and an iPhone at the ready https://t.co/zUfq8st7Tv"
433,33,@NYTimes,0.5267,0.236,0.0,0.764,"A classic, unadorned latke; the kind your Bubbe used to make https://t.co/Y7HRfqyUZP https://t.co/Jc9kIZjWj8"
434,34,@NYTimes,-0.4939,0.0,0.198,0.802,"Social conservative Ted Franks, who was accused of offering $5 million to impregnate an aide, has abruptly resigned https://t.co/GZX7XjMSxb"
435,35,@NYTimes,0.2732,0.11,0.0,0.89,Recently the size and intensity of California fires has increased ‚Äî and firefighters are stretched to their limit https://t.co/zc7r7fzGCe
436,36,@NYTimes,-0.5994,0.0,0.17,0.83,"Puerto Rico‚Äôs hurricane death toll is much higher than the government reported, our analysis suggests. It may be ov‚Ä¶ https://t.co/8LJqGxk4C3"
437,37,@NYTimes,-0.5994,0.0,0.178,0.822,"Daisy Ridley, John Boyega, Adam Driver and their ‚ÄúLast Jedi‚Äù comrades discuss Death Stars, the galaxy and porgs‚Ä¶ https://t.co/7bONJQP0UB"
438,38,@NYTimes,0.0,0.0,0.0,1.0,"Opinion: Russia‚Äôs 2 subversions, of global sports and American democracy, have more in common than you may think https://t.co/oJx8CA1ZJn"
439,39,@NYTimes,0.3612,0.2,0.0,0.8,You don't have to be Prince to like this choice https://t.co/PmISNSCcZF
440,40,@NYTimes,0.6486,0.275,0.0,0.725,"Ojai is a picturesque town known for healthy, spiritual living. The California fires have disrupted that. https://t.co/iU9LzDWz02"
441,41,@NYTimes,-0.6808,0.0,0.173,0.827,"RT @dionnesearcey: ‚ÄúThe soldiers would come and hold me so tight,"" a 13-year-old girl told me, describing how she was raped at a camp after‚Ä¶"
442,42,@NYTimes,0.6369,0.198,0.0,0.802,"The Yankees are close to acquiring Giancarlo Stanton, one of baseball's best hitters, according to several reports https://t.co/t2kgqIvybd"
443,43,@NYTimes,0.2023,0.107,0.0,0.893,These were our top travel destinations of 2017. Are any on your 2018 bucket list? https://t.co/uRvdMPuzs2
444,44,@NYTimes,0.0,0.0,0.0,1.0,Your Saturday playlist: The week's most notable new songs https://t.co/cnwMs4uH4q
445,45,@NYTimes,0.0,0.0,0.0,1.0,Here are the stories that got New Yorkers talking in 2017 https://t.co/sUgv113YhL
446,46,@NYTimes,-0.34,0.0,0.324,0.676,"Explore Bears Ears, a Disputed Land https://t.co/0Pz3TwoAyQ"
447,47,@NYTimes,0.0,0.0,0.0,1.0,Readers and The Times Respond to Harvey Weinstein‚Äôs Page One Portrait https://t.co/gnnR2eFAtq
448,48,@NYTimes,0.802,0.238,0.0,0.762,"When we made our list of the 10 Best Books of 2017, we asked you to name your favorite reads, too. Here they are. https://t.co/yw1zA69K3c"
449,49,@NYTimes,0.6652,0.307,0.218,0.475,"Modern Love: ""At work, vulnerability led to failure, but in love, vulnerability is the only way forward"" https://t.co/DSDSFaVWpm"
450,50,@NYTimes,0.6369,0.412,0.0,0.588,11 of Our Best Weekend Reads https://t.co/aMDlBPspeE
451,51,@NYTimes,-0.3818,0.0,0.206,0.794,"Climate change will bring severe, longer wildfire seasons, scientists say https://t.co/5PUoLRozKr"
452,52,@NYTimes,-0.2183,0.0,0.172,0.828,Why trying new things is so hard to do https://t.co/cqb8dK46o0
453,53,@NYTimes,-0.4019,0.0,0.184,0.816,Boris Johnson Arrives in Iran to Press for Release for Detained Briton https://t.co/VJb06w5Wxb
454,54,@NYTimes,-0.5423,0.0,0.273,0.727,"Trent Franks, accused of offering $5 million to impregnate an aide, abruptly resigns https://t.co/LJM5jyzphH"
455,55,@NYTimes,0.4404,0.139,0.0,0.861,Russian operatives repeatedly emailed Hope Hicks after the 2016 election. The FBI met with her to urge caution. https://t.co/SRSiSUZYmc
456,56,@NYTimes,0.431,0.169,0.0,0.831,Some older smokers have been switching to vaping. That may not be a bad idea. https://t.co/fKw3lUK958
457,57,@NYTimes,0.0,0.0,0.0,1.0,"‚ÄúFor us, climate change is beyond ideology‚Äù: How the Dutch are learning to live with water https://t.co/JCuUO2an9E‚Ä¶ https://t.co/bi46TcobzD"
458,58,@NYTimes,0.6369,0.457,0.0,0.543,The best theater of 2017 https://t.co/F7sj34KZeQ
459,59,@NYTimes,-0.5994,0.0,0.196,0.804,"RT @joncaramanica: Luke Bryan and Blake Shelton try to navigate the death of the country bro
https://t.co/wuaDTy0sqD"
460,60,@NYTimes,0.6808,0.444,0.0,0.556,City Kitchen: A Spinach Lasagna Worthy of a Holiday Feast https://t.co/L3DvZn3R1r
461,61,@NYTimes,-0.5423,0.101,0.271,0.628,‚ÄúI look at it as God just gave me a fight to beat. I‚Äôm beating it.‚Äù https://t.co/ih6sLp66zF
462,62,@NYTimes,0.6369,0.318,0.0,0.682,Where to watch the best TV shows of 2017 https://t.co/TE2Zd2nyxU
463,63,@NYTimes,0.5859,0.432,0.0,0.568,How to build a successful team https://t.co/1zdBfpDajb
464,64,@NYTimes,0.0,0.0,0.0,1.0,Trilobites: You Should Think of Hummingbirds as Bees With Feathers https://t.co/eq7RA1l7ci
465,65,@NYTimes,-0.296,0.0,0.128,0.872,"‚ÄúI‚Äôm constantly comparing myself pre-stroke and after-stroke, and I have to stop doing that to myself"" https://t.co/8Qtmu4Valz"
466,66,@NYTimes,0.0772,0.067,0.0,0.933,‚ÄúI just want the world to see them as the princesses they are. Because they are my princesses.‚Äù https://t.co/yshoFTl4Lp
467,67,@NYTimes,0.0,0.0,0.0,1.0,Paleontologists studying an unusual fossil have identified a new dinosaur that might have lived on land and in water https://t.co/zLOWsMOppl
468,68,@NYTimes,-0.7506,0.0,0.416,0.584,Inside the fight over federal rules on campus sexual assault https://t.co/qVE1NwDQQw
469,69,@NYTimes,0.6369,0.457,0.0,0.543,The best movies of 2017 https://t.co/iflL9HXDkB
470,70,@NYTimes,0.5777,0.145,0.0,0.855,"He dropped his shoes off the roof and watched them fall 5 stories. It would be so easy to follow them, he thought. https://t.co/6qZLcRYUk3"
471,71,@NYTimes,0.0,0.0,0.0,1.0,"11 shows we‚Äôll be talking about in December
https://t.co/BfQObqXNgn"
472,72,@NYTimes,-0.34,0.0,0.138,0.862,"Playlist: The Playlist: Seun Kuti and Santana Sound an Alarm, and 10 More New Songs https://t.co/w7MEKVgO8P"
473,73,@NYTimes,0.0,0.0,0.0,1.0,RT @RebeccaRuiz: Russia's sports doping and Russia's election meddling: They're related. https://t.co/lPBNDESaFK
474,74,@NYTimes,-0.7003,0.0,0.242,0.758,"A photojournalist in India documents stories of domestic slavery, an industry she says gets little attention https://t.co/TYjmzYepXw"
475,75,@NYTimes,0.1531,0.096,0.0,0.904,Rice cereal is often a baby‚Äôs first solid food. It contains relatively high amounts of arsenic. https://t.co/acNYtxuJ1S
476,76,@NYTimes,0.6486,0.261,0.0,0.739,"‚ÄúSometimes what somebody tells you, it will make you feel better than giving you a million dollars"" https://t.co/qi1wtcT8Mv"
477,77,@NYTimes,-0.6908,0.0,0.32,0.68,Terrorist Groups Vow Bloodshed over Jerusalem Decision. ISIS? Less So. https://t.co/qfFrcghLpL
478,78,@NYTimes,0.0,0.0,0.0,1.0,What does the tax bill mean for your income group? https://t.co/sRMSBDdYxA
479,79,@NYTimes,-0.2924,0.0,0.103,0.897,"Immigrants to a new mongoose group don‚Äôt contribute a lot at first, and are not given much credit when they try.‚Ä¶ https://t.co/jLCGsNjSQW"
480,80,@NYTimes,-0.0516,0.128,0.14,0.732,"Each year, Greenland loses 270 billion tons of ice as the planet warms https://t.co/CUHRV4n2D4"
481,81,@NYTimes,0.0,0.0,0.0,1.0,"29,000 square feet. 400 employees. Hundreds of coffee drinkers. A look inside the largest Starbucks in the world: https://t.co/DWLmMNs8c4"
482,82,@NYTimes,0.0,0.0,0.0,1.0,"RT @nytopinion: .@PaulKrugman: ""What if ‚Äì bear with me a minute ‚Äì Republicans actually make more false claims than Democrats?"" https://t.co‚Ä¶"
483,83,@NYTimes,-0.5994,0.0,0.17,0.83,"Puerto Rico‚Äôs hurricane death toll is much higher than the government reported, our analysis suggests. It may be ov‚Ä¶ https://t.co/PhEoKTCiTt"
484,84,@NYTimes,0.0,0.0,0.0,1.0,Vietnam '67: The Man Who Shot Vietnam https://t.co/Z8jgeT4tm3
485,85,@NYTimes,-0.3626,0.0,0.264,0.736,"""Big Little Lies"" is getting a little bigger https://t.co/qmOsycqKDR"
486,86,@NYTimes,0.3612,0.217,0.0,0.783,Supplements Claiming to Ease Opioid Addiction Come Under Scrutiny https://t.co/lMfyZMIMkh
487,87,@NYTimes,0.3612,0.161,0.0,0.839,"""At Home With Amy Sedaris"" is like ‚ÄúBarefoot Contessa through the looking glass"" https://t.co/jMv29gNRab"
488,88,@NYTimes,-0.2732,0.0,0.189,0.811,Saudi Arabia Disputes That Crown Prince Bought ‚ÄòSalvator Mundi‚Äô https://t.co/f1bSBc3Iqz
489,89,@NYTimes,-0.3182,0.0,0.119,0.881,The actress ‚Äî and now memoirist ‚Äî Gabrielle Union has been advocating for sexual-assault victims for over 20 years https://t.co/5Qdl4IVHPG
490,90,@NYTimes,-0.5423,0.0,0.137,0.863,One woman said he harassed her in the 1980s. Another in the 1990s. And a third in the 2010s. Their stories are near‚Ä¶ https://t.co/3eBRCTEgk7
491,91,@NYTimes,0.0,0.0,0.0,1.0,"Apple said to be acquiring Shazam, the song identifying app https://t.co/ukS7FCn6sH"
492,92,@NYTimes,0.0258,0.129,0.125,0.745,"RT @nytopinion: My generation of women saw ourselves as strong, fierce self-defenders. But how many of us sustained hidden damage? https://‚Ä¶"
493,93,@NYTimes,0.2023,0.107,0.0,0.893,These were our top travel destinations of 2017. Are any on your 2018 bucket list? https://t.co/8R5oGPiyct
494,94,@NYTimes,-0.3612,0.0,0.217,0.783,How Luke Skywalker inherited his lonely Jedi responsibility https://t.co/0XFlnERzbA https://t.co/Pvi3nt5spv
495,95,@NYTimes,-0.8176,0.0,0.306,0.694,"At least 54 horses have died in the California fires, and the death toll is expected to rise https://t.co/1mlDh5fjS0"
496,96,@NYTimes,0.0,0.0,0.0,1.0,Evening Briefing: Here's what you need to know at the end of the day https://t.co/mUD7LGqQBN
497,97,@NYTimes,-0.5423,0.0,0.273,0.727,"Trent Franks, accused of offering $5 million to impregnate an aide, abruptly resigns https://t.co/csJRN4yIjI"
498,98,@NYTimes,0.3182,0.133,0.0,0.867,Snow in Texas is a ‚Äúpretty cool experience‚Äù for children seeing it for the first time https://t.co/yP4qsbPbCo
499,99,@NYTimes,0.5559,0.294,0.0,0.706,Metropolitan Opera conductor James Levine will not face criminal charges in Illinois https://t.co/UUn2GGHAAv
